time,count,count_no_rt,rank,rank_no_rt,freq,freq_no_rt
2021-01-02 16:00:00,325,74,941.0,1394.0,0.00010494775377900717,6.519594023118127e-05
2021-01-02 16:15:00,301,86,993.5,1193.5,9.966828012283371e-05,7.802527111513536e-05
2021-01-02 16:30:00,294,102,995.0,1043.0,9.837072647785289e-05,9.36043454440838e-05
2021-01-02 16:45:00,254,83,1170.0,1251.0,8.374190481182964e-05,7.509742307264273e-05
2021-01-02 17:00:00,286,96,1034.0,1103.5,9.484686376906182e-05,8.630602137332658e-05
2021-01-02 17:15:00,295,108,992.5,948.0,0.00010040095717848124,0.00010146914163682878
2021-01-02 17:30:00,260,94,1135.5,1077.0,8.791057195632467e-05,8.928138929440158e-05
2021-01-02 17:45:00,258,93,1167.0,1086.5,8.633243743909882e-05,8.906425075896149e-05
2021-01-02 18:00:00,263,87,1117.5,1171.0,8.810206708218683e-05,8.105751170209593e-05
2021-01-02 18:15:00,242,80,1185.0,1234.5,8.144152851614545e-05,7.65882243690327e-05
2021-01-02 18:30:00,241,69,1167.5,1383.5,8.304362822780418e-05,6.675754723096467e-05
2021-01-02 18:45:00,291,83,1010.5,1177.5,0.00010034897995779136,8.10381474874757e-05
2021-01-02 19:00:00,271,78,1117.0,1314.5,9.076251903166103e-05,7.18354415807481e-05
2021-01-02 19:15:00,258,78,1149.0,1238.0,8.73276717021111e-05,7.569875776397515e-05
2021-01-02 19:30:00,275,79,1076.0,1182.5,9.510598437979311e-05,7.895270732831034e-05
2021-01-02 19:45:00,293,90,982.5,1045.5,0.00010283992632028214,9.121997595846855e-05
2021-01-02 20:00:00,224,84,1261.0,1129.5,7.805101051667678e-05,8.408080165038601e-05
2021-01-02 20:15:00,246,89,1153.0,1040.0,8.683840431961052e-05,9.116414565367254e-05
2021-01-02 20:30:00,200,59,1349.0,1478.5,7.074169483659907e-05,6.110779103621206e-05
2021-01-02 20:45:00,229,68,1207.5,1323.5,8.068798309287258e-05,7.113007913221304e-05
2021-01-02 21:00:00,197,68,1390.5,1335.0,6.85727572618376e-05,6.963139392834724e-05
2021-01-02 21:15:00,194,52,1417.5,1672.5,6.774261020657655e-05,5.402704053378716e-05
2021-01-02 21:30:00,199,63,1428.5,1382.0,6.874112885369159e-05,6.592413074324749e-05
2021-01-02 21:45:00,229,89,1235.5,1012.0,7.949644383593601e-05,9.442870632672332e-05
2021-01-02 22:00:00,197,73,1474.0,1243.5,6.667007349614142e-05,7.581729485969127e-05
2021-01-02 22:15:00,174,57,1613.5,1479.5,5.98071117530255e-05,6.0419438099225685e-05
2021-01-02 22:30:00,252,87,1165.5,1013.5,8.602708487664329e-05,9.378567493885066e-05
2021-01-02 22:45:00,196,63,1431.0,1348.0,6.813450167781211e-05,6.93692790990362e-05
2021-01-02 23:00:00,212,66,1323.0,1284.0,7.456993023842328e-05,7.291504403074364e-05
2021-01-02 23:15:00,192,68,1450.0,1256.0,6.823599989195966e-05,7.658727119552729e-05
2021-01-02 23:30:00,214,69,1285.5,1215.0,7.633255597780221e-05,7.765853878143623e-05
2021-01-02 23:45:00,176,61,1494.0,1330.5,6.455763713179223e-05,7.065934435078542e-05
2021-01-03 00:00:00,191,68,1397.0,1190.5,6.97839000869924e-05,7.897252104675754e-05
2021-01-03 00:15:00,173,48,1494.0,1601.0,6.443085396206922e-05,5.7620351508152684e-05
2021-01-03 00:30:00,216,62,1192.5,1254.0,8.226380860867906e-05,7.603574170413267e-05
2021-01-03 00:45:00,465,66,565.5,1182.5,0.0001751237635414921,7.831717744892474e-05
2021-01-03 01:00:00,347,63,724.5,1235.5,0.0001354221913652157,7.432470694829831e-05
2021-01-03 01:15:00,316,53,766.0,1378.5,0.00012814554738830452,6.752082635299633e-05
2021-01-03 01:30:00,246,65,957.5,1131.0,0.00010303047817450097,8.447076466834829e-05
2021-01-03 01:45:00,242,48,936.0,1463.0,0.00010520376055624095,6.539117546087155e-05
2021-01-03 02:00:00,250,51,932.0,1351.0,0.00010818529978146569,7.050850456991886e-05
2021-01-03 02:15:00,258,57,850.5,1208.0,0.00011611077507992742,8.256131263796429e-05
2021-01-03 02:30:00,231,56,906.0,1157.0,0.00010728527386540018,8.389651365041221e-05
2021-01-03 02:45:00,227,40,915.5,1545.5,0.00010662002314640854,6.123295618935067e-05
2021-01-03 03:00:00,201,59,1092.5,1182.5,9.02958874940196e-05,8.103482849459264e-05
2021-01-03 03:15:00,213,55,1007.0,1184.0,9.830123467273766e-05,8.337224037884346e-05
2021-01-03 03:30:00,203,58,1024.0,1106.5,9.445647510769432e-05,8.911396139214444e-05
2021-01-03 03:45:00,212,43,961.0,1380.5,0.00010068771609863596,6.765601792412456e-05
2021-01-03 04:00:00,221,47,943.0,1367.0,0.00010248633708730121,6.998994825211273e-05
2021-01-03 04:15:00,220,44,925.5,1403.0,0.00010492368709467265,6.882560062068178e-05
2021-01-03 04:30:00,216,51,955.5,1247.0,0.00010019775139546244,7.694489538511675e-05
2021-01-03 04:45:00,230,53,928.0,1235.0,0.00010403360918824836,7.899435712007441e-05
2021-01-03 05:00:00,202,66,1037.5,1051.0,8.975368389996641e-05,9.376251942730991e-05
2021-01-03 05:15:00,236,46,907.0,1439.5,0.00010557961418703698,6.755506472068919e-05
2021-01-03 05:30:00,229,54,922.0,1248.5,0.00010247919090664996,7.779870018542024e-05
2021-01-03 05:45:00,250,51,832.5,1272.0,0.00011298311580317437,7.607670919006648e-05
2021-01-03 06:00:00,223,54,968.0,1276.5,9.771825679393848e-05,7.368352108986114e-05
2021-01-03 06:15:00,255,53,830.5,1254.0,0.00011329919250999033,7.707880071203359e-05
2021-01-03 06:30:00,228,60,962.5,1171.0,9.919991785550662e-05,8.28721269269496e-05
2021-01-03 06:45:00,228,50,947.0,1376.0,9.902520973365695e-05,7.00991903543514e-05
2021-01-03 07:00:00,261,68,910.0,1123.5,0.00010582731415142308,8.445410974811561e-05
2021-01-03 07:15:00,244,64,958.5,1147.0,9.860916620696203e-05,8.32662216260592e-05
2021-01-03 07:30:00,216,51,1161.0,1499.0,8.324604061019348e-05,6.156386707998957e-05
2021-01-03 07:45:00,223,55,1155.0,1421.5,8.25611581960646e-05,6.606622478372321e-05
2021-01-03 08:00:00,241,53,1153.5,1620.0,8.33478586862994e-05,5.7882947574431456e-05
2021-01-03 08:15:00,255,69,1135.5,1241.5,8.582882030810864e-05,7.748438521193664e-05
2021-01-03 08:30:00,282,75,1065.5,1225.5,9.164851300287652e-05,7.922381784859799e-05
2021-01-03 08:45:00,248,64,1185.5,1431.5,8.036222625401528e-05,6.70429451965825e-05
2021-01-03 09:00:00,229,73,1431.0,1378.5,6.863465294692924e-05,6.680570795289923e-05
2021-01-03 09:15:00,261,76,1307.0,1313.0,7.353894182816118e-05,7.260998501941362e-05
2021-01-03 09:30:00,248,72,1408.5,1370.5,6.898414449507918e-05,6.823428621250431e-05
2021-01-03 09:45:00,284,75,1235.0,1336.5,7.835628381528885e-05,6.941179519263161e-05
2021-01-03 10:00:00,269,83,1429.5,1371.5,6.71204910125912e-05,6.877875449133554e-05
2021-01-03 10:15:00,322,102,1218.5,1084.5,8.095303341323883e-05,8.521153764219675e-05
2021-01-03 10:30:00,280,87,1406.0,1344.0,7.055199883891568e-05,7.003133701091765e-05
2021-01-03 10:45:00,272,72,1388.0,1526.0,7.058063993805512e-05,6.031034699390614e-05
2021-01-03 11:00:00,290,89,1273.5,1331.5,7.55012501965636e-05,7.057135041054288e-05
2021-01-03 11:15:00,257,88,1416.5,1289.5,6.786171946810142e-05,7.23286878589722e-05
2021-01-03 11:30:00,292,79,1236.0,1427.5,7.82986035229545e-05,6.443976961558823e-05
2021-01-03 11:45:00,323,94,1148.0,1291.0,8.465731609574088e-05,7.330137705214613e-05
2021-01-03 12:00:00,325,112,1139.0,1217.0,8.454835827900124e-05,8.118183353520064e-05
2021-01-03 12:15:00,358,101,1016.0,1252.0,9.342428718312726e-05,7.657693517876164e-05
2021-01-03 12:30:00,321,109,1122.5,1141.0,8.471391503906869e-05,8.43108362629415e-05
2021-01-03 12:45:00,315,105,1100.5,1153.5,8.567849891269905e-05,8.284089026343403e-05
2021-01-03 13:00:00,338,123,1037.5,1025.5,9.181382004436944e-05,9.370464752196916e-05
2021-01-03 13:15:00,270,95,1319.0,1308.5,7.282778978986755e-05,7.331344352472515e-05
2021-01-03 13:30:00,261,84,1366.5,1438.5,6.996270532110604e-05,6.483522590445142e-05
2021-01-03 13:45:00,257,100,1391.0,1229.0,6.838336405706524e-05,7.803355442840422e-05
2021-01-03 14:00:00,323,111,1130.5,1134.5,8.5558222370323e-05,8.4741492641232e-05
2021-01-03 14:15:00,236,86,1495.0,1398.5,6.324171680895159e-05,6.728964357614723e-05
2021-01-03 14:30:00,264,98,1348.0,1269.5,7.03693940049008e-05,7.618224347378593e-05
2021-01-03 14:45:00,310,101,1162.0,1168.5,8.466866284419519e-05,8.107227312205309e-05
2021-01-03 15:00:00,265,106,1313.0,1150.0,7.261254739338766e-05,8.308583942956085e-05
2021-01-03 15:15:00,217,73,1577.5,1588.5,5.997004813909072e-05,5.808138873396098e-05
2021-01-03 15:30:00,236,93,1442.0,1300.0,6.533911972147815e-05,7.295588208760512e-05
2021-01-03 15:45:00,247,100,1378.0,1208.5,6.886935205092653e-05,8.000236807009488e-05
2021-01-03 16:00:00,220,84,1560.5,1467.0,6.0859894989017563e-05,6.437738637008107e-05
2021-01-03 16:15:00,190,74,1809.0,1610.5,5.259639327153719e-05,5.7339538401218703e-05
2021-01-03 16:30:00,193,60,1713.5,1837.5,5.538001016926197e-05,4.940634163332425e-05
2021-01-03 16:45:00,208,92,1575.0,1261.5,6.011847385785739e-05,7.620303470302766e-05
2021-01-03 17:00:00,215,84,1518.5,1348.0,6.23605046270044e-05,6.902865182112376e-05
2021-01-03 17:15:00,270,118,1232.0,974.0,7.885672929740699e-05,9.885346732725357e-05
2021-01-03 17:30:00,251,88,1314.5,1269.0,7.382706876829684e-05,7.401146336642823e-05
2021-01-03 17:45:00,308,96,1067.0,1143.0,9.064851655762848e-05,8.221205228686526e-05
2021-01-03 18:00:00,250,76,1294.5,1417.0,7.449255670373417e-05,6.451782686980728e-05
2021-01-03 18:15:00,281,88,1177.0,1245.5,8.338669884226026e-05,7.61461729625707e-05
2021-01-03 18:30:00,243,99,1332.5,1094.5,7.263082290722354e-05,8.701950291647183e-05
2021-01-03 18:45:00,229,90,1390.5,1204.0,6.888461075682829e-05,7.910043470083338e-05
2021-01-03 19:00:00,221,91,1493.5,1246.0,6.558986508966075e-05,7.654687781267717e-05
2021-01-03 19:15:00,193,71,1667.0,1496.5,5.7710478787661314e-05,6.227589449235498e-05
2021-01-03 19:30:00,213,89,1507.5,1242.0,6.4302333269031e-05,7.737704005870222e-05
2021-01-03 19:45:00,169,62,1856.0,1664.0,5.115818807990001e-05,5.441307598873825e-05
2021-01-03 20:00:00,186,59,1674.0,1702.0,5.7187412374126206e-05,5.3100148680416296e-05
2021-01-03 20:15:00,164,69,1861.5,1465.0,5.025581435257028e-05,6.332029608203374e-05
2021-01-03 20:30:00,214,88,1450.0,1185.0,6.47996298548246e-05,8.02043022316847e-05
2021-01-03 20:45:00,200,79,1525.0,1261.0,6.173858955105241e-05,7.392407716550759e-05
2021-01-03 21:00:00,185,67,1668.0,1504.0,5.6897656800715494e-05,6.220672315408512e-05
2021-01-03 21:15:00,193,75,1588.5,1332.5,5.9684617820528054e-05,7.034241750944699e-05
2021-01-03 21:30:00,223,73,1344.5,1303.0,7.082051762494026e-05,7.104000622816493e-05
2021-01-03 21:45:00,249,46,1224.0,1917.5,7.795889218222594e-05,4.533958362491942e-05
2021-01-03 22:00:00,211,70,1536.5,1399.5,6.420500811234841e-05,6.680625993743117e-05
2021-01-03 22:15:00,207,49,1502.0,1900.5,6.40654445538337e-05,4.728698179740713e-05
2021-01-03 22:30:00,225,69,1389.5,1473.5,6.94991643111598e-05,6.474988246488727e-05
2021-01-03 22:45:00,184,58,1711.5,1745.0,5.623250183596062e-05,5.288419455548099e-05
2021-01-03 23:00:00,154,44,2068.5,2222.0,4.624295508097472e-05,4.0094952136650894e-05
2021-01-03 23:15:00,171,55,1848.0,1838.0,5.262480850416905e-05,5.090989873558325e-05
2021-01-03 23:30:00,158,57,1924.0,1660.0,5.009125802926407e-05,5.5880216344669176e-05
2021-01-03 23:45:00,169,59,1720.0,1511.5,5.569712365552417e-05,6.206861001029918e-05
2021-01-04 00:00:00,135,49,2053.5,1748.0,4.600441437913976e-05,5.2771528360388624e-05
2021-01-04 00:15:00,173,58,1582.0,1382.0,6.16151284016537e-05,6.684314794347836e-05
2021-01-04 00:30:00,172,54,1484.5,1474.0,6.34969622979403e-05,6.376677420421427e-05
2021-01-04 00:45:00,169,64,1449.5,1209.5,6.453179699289462e-05,7.963378413520821e-05
2021-01-04 01:00:00,173,62,1403.5,1235.5,6.606475185811888e-05,7.691506096138864e-05
2021-01-04 01:15:00,160,60,1430.5,1184.5,6.452913893930227e-05,7.8781202279928e-05
2021-01-04 01:30:00,146,62,1536.5,1105.0,6.095725435165906e-05,8.455760009164952e-05
2021-01-04 01:45:00,125,34,1733.0,1883.5,5.3540321644553086e-05,4.812428521282257e-05
2021-01-04 02:00:00,173,64,1293.5,1080.0,7.414928694531083e-05,8.885026370480611e-05
2021-01-04 02:15:00,165,63,1357.0,1084.0,7.081842927299088e-05,8.858628937344183e-05
2021-01-04 02:30:00,175,65,1304.5,1047.5,7.584698326208775e-05,9.421614342885884e-05
2021-01-04 02:45:00,185,55,1237.0,1183.5,7.961714910355393e-05,8.121461626832127e-05
2021-01-04 03:00:00,158,49,1491.0,1443.5,6.609247089630593e-05,6.438143239489732e-05
2021-01-04 03:15:00,166,47,1338.0,1400.0,7.270583525646107e-05,6.787679927675104e-05
2021-01-04 03:30:00,200,60,1106.5,1121.5,8.822726284180895e-05,8.658358490674948e-05
2021-01-04 03:45:00,207,49,1055.5,1326.0,9.326861902968195e-05,7.209232525703123e-05
2021-01-04 04:00:00,220,49,1014.0,1380.5,9.632085000523196e-05,6.820209533539424e-05
2021-01-04 04:15:00,198,47,1059.0,1350.0,9.025957834189508e-05,7.024025154976895e-05
2021-01-04 04:30:00,201,59,1046.5,1090.5,9.202314954494324e-05,8.771329941752423e-05
2021-01-04 04:45:00,188,65,1111.5,978.0,8.756057631626135e-05,9.838765340905652e-05
2021-01-04 05:00:00,203,51,1091.0,1335.5,9.001323150161579e-05,7.124825546550955e-05
2021-01-04 05:15:00,209,60,1055.5,1104.0,9.198125870851271e-05,8.54980976673269e-05
2021-01-04 05:30:00,238,60,916.0,1157.0,0.00010428652679418836,8.239030760421344e-05
2021-01-04 05:45:00,221,52,1008.0,1323.5,9.552089141306086e-05,7.239486386285072e-05
2021-01-04 06:00:00,186,58,1259.5,1321.5,7.600976521155643e-05,7.238301095853825e-05
2021-01-04 06:15:00,185,65,1262.5,1147.5,7.596802772627691e-05,8.652349911679474e-05
2021-01-04 06:30:00,204,53,1208.5,1465.5,8.0182564694359e-05,6.524988242709865e-05
2021-01-04 06:45:00,188,57,1315.0,1337.0,7.361287692827561e-05,7.23977762451465e-05
2021-01-04 07:00:00,236,79,1161.5,1100.0,8.616305335574058e-05,8.763512726506299e-05
2021-01-04 07:15:00,213,67,1251.5,1214.5,7.732890707025822e-05,7.884996734199114e-05
2021-01-04 07:30:00,207,55,1360.0,1567.0,7.088735212110711e-05,6.008420528260333e-05
2021-01-04 07:45:00,202,64,1416.5,1352.5,6.848300316276206e-05,7.04797690025571e-05
2021-01-04 08:00:00,214,81,1436.5,1196.0,6.725473705912004e-05,7.991065791135244e-05
2021-01-04 08:15:00,255,75,1243.0,1243.5,7.892877250901567e-05,7.621602670609575e-05
2021-01-04 08:30:00,256,82,1284.5,1249.0,7.563217120760056e-05,7.677054407846324e-05
2021-01-04 08:45:00,271,83,1218.5,1186.0,7.897282868433017e-05,7.826061539244871e-05
2021-01-04 09:00:00,300,130,1211.0,876.0,8.144467653160786e-05,0.00010715586892694113
2021-01-04 09:15:00,288,101,1253.5,1070.0,7.771456573343526e-05,8.750862089879152e-05
2021-01-04 09:30:00,316,101,1179.5,1094.5,8.32017070041356e-05,8.544152542731338e-05
2021-01-04 09:45:00,276,83,1372.5,1362.0,7.13910467867433e-05,6.895411560531329e-05
2021-01-04 10:00:00,295,128,1500.0,1047.0,6.363410261570675e-05,9.239762451482224e-05
2021-01-04 10:15:00,320,97,1311.5,1257.0,7.510557614308927e-05,7.350951872484478e-05
2021-01-04 10:30:00,340,107,1243.5,1202.0,7.967382473492636e-05,7.869174604482047e-05
2021-01-04 10:45:00,380,124,1111.0,1021.5,9.001409668129869e-05,9.391207406330279e-05
2021-01-04 11:00:00,336,106,1249.5,1271.5,7.814822205817298e-05,7.436175168225924e-05
2021-01-04 11:15:00,408,139,1030.5,941.5,9.794509745177104e-05,0.00010415527078122448
2021-01-04 11:30:00,395,131,1036.0,974.0,9.588239720557427e-05,9.777527658834445e-05
2021-01-04 11:45:00,361,122,1133.5,1047.0,8.736560278272757e-05,9.050868104369864e-05
2021-01-04 12:00:00,407,166,1018.0,824.0,9.8165226789411e-05,0.0001161407682082138
2021-01-04 12:15:00,404,123,991.0,1033.5,0.00010041750316849537,9.175181060636012e-05
2021-01-04 12:30:00,371,117,1052.0,1083.0,9.239943653777569e-05,8.672313306219383e-05
2021-01-04 12:45:00,416,129,943.5,995.0,0.00010423982978838564,9.607385621839896e-05
2021-01-04 13:00:00,410,139,961.5,977.0,0.00010277713855411116,9.790807769815996e-05
2021-01-04 13:15:00,377,134,1054.0,986.5,9.408314354492309e-05,9.79447679220652e-05
2021-01-04 13:30:00,446,129,868.0,993.0,0.00011245709421458679,9.524041560259496e-05
2021-01-04 13:45:00,417,135,911.5,946.5,0.00010771133053456074,0.00010081540997146551
2021-01-04 14:00:00,433,139,855.0,939.0,0.00011370174273523328,0.0001011649986571984
2021-01-04 14:15:00,387,112,921.5,1105.5,0.00010442748239911212,8.587080277700041e-05
2021-01-04 14:30:00,376,139,946.0,897.5,0.00010213092369543364,0.00010658512010379396
2021-01-04 14:45:00,388,127,913.5,979.5,0.00010604653857811816,9.830535501005113e-05
2021-01-04 15:00:00,369,139,990.0,1007.0,9.909163317512688e-05,9.80361040875413e-05
2021-01-04 15:15:00,398,142,970.0,1002.0,0.00010138740253881188,9.75920870686361e-05
2021-01-04 15:30:00,336,115,1136.5,1208.5,8.56933870209204e-05,7.997307341389057e-05
2021-01-04 15:45:00,346,103,1069.5,1290.0,9.159666757557386e-05,7.401275606257886e-05
2021-01-04 16:00:00,348,123,1046.0,1068.5,9.451439022330112e-05,9.065835656300166e-05
2021-01-04 16:15:00,368,118,925.5,1046.0,0.0001046709109583333,9.278516695432691e-05
2021-01-04 16:30:00,350,123,999.5,994.0,9.955122308632685e-05,9.768525651513008e-05
2021-01-04 16:45:00,336,105,1026.5,1190.0,9.511620737711112e-05,8.094176124647231e-05
2021-01-04 17:00:00,363,120,980.0,1062.0,0.00010062317066105544,9.045919348090744e-05
2021-01-04 17:15:00,369,125,947.5,967.0,0.00010488344720340651,0.0001002812689030192
2021-01-04 17:30:00,335,110,1039.0,1070.0,9.632193955007591e-05,8.999714463604745e-05
2021-01-04 17:45:00,342,122,1005.0,934.5,9.829306335505264e-05,0.00010298956766330178
2021-01-04 18:00:00,352,106,975.5,1063.5,0.00010289786101071425,8.926165454055511e-05
2021-01-04 18:15:00,291,105,1150.0,1022.0,8.619555906261886e-05,9.179348738320372e-05
2021-01-04 18:30:00,264,85,1275.5,1246.0,7.731911208371786e-05,7.403813573716288e-05
2021-01-04 18:45:00,302,99,1119.5,1088.0,8.927626510675609e-05,8.664616332539223e-05
2021-01-04 19:00:00,290,114,1137.0,961.0,8.722704327092991e-05,9.853689990811868e-05
2021-01-04 19:15:00,293,95,1104.5,1108.0,8.833003477429868e-05,8.529267057636297e-05
2021-01-04 19:30:00,275,86,1180.0,1194.5,8.391432560955368e-05,7.717219539640934e-05
2021-01-04 19:45:00,259,90,1228.5,1135.0,7.943464614165373e-05,8.141127347132242e-05
2021-01-04 20:00:00,237,96,1336.0,1108.0,7.299703976983449e-05,8.512547583810908e-05
2021-01-04 20:15:00,250,86,1263.0,1172.0,7.764052313563364e-05,7.932093897545017e-05
2021-01-04 20:30:00,257,91,1238.0,1145.5,7.827416730143871e-05,8.23454890960094e-05
2021-01-04 20:45:00,237,77,1365.5,1293.5,7.139440195590537e-05,7.053445883123486e-05
2021-01-04 21:00:00,216,63,1442.0,1549.5,6.696266645337819e-05,5.788126989668653e-05
2021-01-04 21:15:00,252,90,1249.5,1116.0,7.739545854505752e-05,8.415202343540351e-05
2021-01-04 21:30:00,242,86,1304.5,1154.5,7.386189351983969e-05,8.14080949937808e-05
2021-01-04 21:45:00,225,75,1369.5,1298.0,6.951814655352202e-05,7.143721192944291e-05
2021-01-04 22:00:00,238,80,1356.0,1250.0,7.11830412087e-05,7.37643321792289e-05
2021-01-04 22:15:00,236,76,1361.5,1288.5,7.093678029977404e-05,7.178608502306128e-05
2021-01-04 22:30:00,267,84,1191.5,1185.5,8.084960519956831e-05,7.926420173871688e-05
2021-01-04 22:45:00,183,69,1662.0,1367.0,5.659939689167247e-05,6.717669027262054e-05
2021-01-04 23:00:00,214,77,1384.5,1211.0,6.796332648089389e-05,7.703952127441378e-05
2021-01-04 23:15:00,219,72,1340.0,1260.0,7.130612304701809e-05,7.458040751977676e-05
2021-01-04 23:30:00,242,55,1193.0,1565.0,7.891748687589151e-05,5.817077246555233e-05
2021-01-04 23:45:00,235,79,1206.5,1102.5,7.906436242834581e-05,8.588422154650305e-05
2021-01-05 00:00:00,239,86,1179.0,1001.5,8.180692675336376e-05,9.482519086326209e-05
2021-01-05 00:15:00,245,74,1118.5,1137.5,8.520328460400992e-05,8.353577588931736e-05
2021-01-05 00:30:00,246,88,1120.5,928.5,8.698908499151856e-05,0.000102956971005913
2021-01-05 00:45:00,216,78,1256.5,1009.5,7.936312561382417e-05,9.50211361116864e-05
2021-01-05 01:00:00,223,70,1162.5,1140.5,8.373762710846088e-05,8.492754467188849e-05
2021-01-05 01:15:00,221,59,1142.5,1255.5,8.493319677407577e-05,7.503602365033721e-05
2021-01-05 01:30:00,205,71,1174.0,1063.0,8.114624413619428e-05,9.211687165914163e-05
2021-01-05 01:45:00,188,54,1224.0,1275.5,7.692874270609128e-05,7.43894895916706e-05
2021-01-05 02:00:00,199,62,1166.0,1142.5,8.20687257531249e-05,8.349482399425771e-05
2021-01-05 02:15:00,191,61,1178.5,1153.0,8.007402025663095e-05,8.377544335750004e-05
2021-01-05 02:30:00,206,61,1079.0,1149.5,8.846752769334233e-05,8.614663286705879e-05
2021-01-05 02:45:00,224,55,965.5,1217.5,9.832224501288944e-05,7.897374338415414e-05
2021-01-05 03:00:00,201,57,1122.0,1301.0,8.426146710532935e-05,7.188129749525205e-05
2021-01-05 03:15:00,198,56,1092.0,1235.5,8.626071560669818e-05,7.754320956883205e-05
2021-01-05 03:30:00,203,64,1039.5,1057.0,8.971646062817432e-05,9.149327024109906e-05
2021-01-05 03:45:00,202,50,1076.0,1324.0,8.877060620655955e-05,7.148637326752774e-05
2021-01-05 04:00:00,191,56,1180.5,1243.0,8.276484859882578e-05,7.648005987296116e-05
2021-01-05 04:15:00,196,58,1098.5,1168.0,8.708591425325384e-05,8.299301427766028e-05
2021-01-05 04:30:00,226,53,950.5,1273.5,9.944246219536396e-05,7.521624670928921e-05
2021-01-05 04:45:00,230,54,954.0,1246.5,0.0001006559265334274,7.6682542793119e-05
2021-01-05 05:00:00,167,48,1351.5,1516.5,7.060764431335757e-05,6.341405413974873e-05
2021-01-05 05:15:00,200,71,1114.0,1005.0,8.560515137558918e-05,9.821837402940188e-05
2021-01-05 05:30:00,211,67,1065.0,1117.5,8.87486109370255e-05,8.746610688358261e-05
2021-01-05 05:45:00,205,69,1128.0,1060.0,8.43024690342638e-05,8.705284486173738e-05
2021-01-05 06:00:00,211,77,1192.0,1064.0,7.593656597573989e-05,8.002028566202757e-05
2021-01-05 06:15:00,225,68,1088.0,1132.0,8.407547062645942e-05,7.719220177133399e-05
2021-01-05 06:30:00,213,59,1197.0,1344.0,7.817635484577787e-05,6.629287969527746e-05
2021-01-05 06:45:00,183,52,1384.0,1479.0,6.819078664220741e-05,6.131381353054371e-05
2021-01-05 07:00:00,228,70,1147.5,1239.5,8.219015124069279e-05,7.632289381522881e-05
2021-01-05 07:15:00,232,64,1142.5,1317.5,8.291337589315038e-05,7.261364886989335e-05
2021-01-05 07:30:00,212,58,1328.5,1517.0,7.137439133972763e-05,5.994435510209144e-05
2021-01-05 07:45:00,222,66,1274.5,1348.0,7.44685811353641e-05,7.024901145803953e-05
2021-01-05 08:00:00,294,88,1044.0,1132.5,9.154566447206176e-05,8.397307136279706e-05
2021-01-05 08:15:00,279,100,1126.5,967.5,8.523430268258928e-05,9.771188088530872e-05
2021-01-05 08:30:00,277,83,1151.0,1251.0,8.142925091556462e-05,7.625830802108772e-05
2021-01-05 08:45:00,306,103,1116.5,1022.5,8.67433239531484e-05,9.309775083064888e-05
2021-01-05 09:00:00,313,104,1140.5,1119.5,8.501930046771479e-05,8.196973267620931e-05
2021-01-05 09:15:00,296,108,1165.5,1023.0,8.125140337094504e-05,9.246987023394876e-05
2021-01-05 09:30:00,377,136,954.5,845.0,0.00010166191615184028,0.0001123468345040259
2021-01-05 09:45:00,334,131,1106.5,940.0,8.839088885771978e-05,0.00010452555769571412
2021-01-05 10:00:00,488,149,867.5,921.5,0.00010937983649955834,0.00010610313794689716
2021-01-05 10:15:00,385,135,1046.5,937.0,9.468802631786056e-05,9.926769851149925e-05
2021-01-05 10:30:00,412,135,998.5,999.5,0.00010047089636134408,9.653075612898797e-05
2021-01-05 10:45:00,378,121,1079.5,1066.0,9.181752796608873e-05,8.917464079570309e-05
2021-01-05 11:00:00,362,108,1117.5,1294.5,8.646700591033037e-05,7.462763917536459e-05
2021-01-05 11:15:00,378,138,1028.0,975.5,9.230216995564367e-05,9.929271925343387e-05
2021-01-05 11:30:00,414,150,942.0,882.0,0.00010284071389340783,0.00010879088361406216
2021-01-05 11:45:00,367,105,1070.0,1242.5,9.026371762557725e-05,7.384475160735409e-05
2021-01-05 12:00:00,433,164,895.5,848.0,0.00010631793728469391,0.0001124157738523652
2021-01-05 12:15:00,392,120,1004.5,1078.5,9.796918869015696e-05,8.608191698690334e-05
2021-01-05 12:30:00,404,153,973.5,860.5,0.00010120783027947891,0.00011015055348853282
2021-01-05 12:45:00,384,129,995.5,994.5,9.74687319546415e-05,9.446805332099148e-05
2021-01-05 13:00:00,415,148,925.0,906.0,0.00010579188925450112,0.00010443392578417177
2021-01-05 13:15:00,357,126,1063.5,1024.5,9.084482634896933e-05,9.269551949585408e-05
2021-01-05 13:30:00,391,121,944.5,1053.0,0.00010253833517605125,8.988216522421886e-05
2021-01-05 13:45:00,354,114,1006.5,1082.0,9.604816082694752e-05,8.674168554312849e-05
2021-01-05 14:00:00,345,130,1041.5,990.0,9.213235119356794e-05,9.542243880669101e-05
2021-01-05 14:15:00,363,140,980.0,901.5,9.889356355464332e-05,0.00010706138670496404
2021-01-05 14:30:00,352,138,1012.5,900.5,9.640716250440609e-05,0.00010594082360545795
2021-01-05 14:45:00,348,137,1008.0,884.5,9.631039845106312e-05,0.00010659545778858775
2021-01-05 15:00:00,377,154,921.0,813.0,0.00010471881886060924,0.00011852499492035736
2021-01-05 15:15:00,362,134,939.0,889.0,0.00010344000893813116,0.00010759016497426266
2021-01-05 15:30:00,361,127,949.0,925.0,0.00010348907244263738,0.00010270942613736535
2021-01-05 15:45:00,449,206,731.0,610.0,0.0001311538235721102,0.00016783102837240565
2021-01-05 16:00:00,430,175,778.5,720.0,0.00012574548061969709,0.00013761972916437302
2021-01-05 16:15:00,443,142,748.0,847.0,0.00013073187718286083,0.00011603923760586538
2021-01-05 16:30:00,464,165,733.0,746.0,0.00013259453790517777,0.0001312523864070256
2021-01-05 16:45:00,468,168,720.5,727.0,0.00013393301746509443,0.00013416001456594443
2021-01-05 17:00:00,543,182,652.5,683.0,0.00015051695505585898,0.00014466557611078523
2021-01-05 17:15:00,510,154,701.5,793.0,0.0001429205563476904,0.00012604880380503688
2021-01-05 17:30:00,516,161,686.0,735.5,0.00014623512567718766,0.00013396404604702056
2021-01-05 17:45:00,442,153,779.0,753.5,0.00012823187107416823,0.0001304930761908986
2021-01-05 18:00:00,411,148,816.0,769.5,0.00012098340967160806,0.00012551190624599825
2021-01-05 18:15:00,354,111,946.0,966.5,0.0001045484481643478,9.696575798395084e-05
2021-01-05 18:30:00,376,137,897.5,810.0,0.00011097838961502009,0.00011996665452405637
2021-01-05 18:45:00,305,97,1093.0,1092.5,9.070278600298396e-05,8.668345525614514e-05
2021-01-05 19:00:00,304,129,1080.0,848.5,9.193252757295406e-05,0.00011351297127681853
2021-01-05 19:15:00,312,121,1044.0,875.0,9.561688520641296e-05,0.00011053822064525088
2021-01-05 19:30:00,284,104,1157.5,1011.5,8.640386505176624e-05,9.491718475630012e-05
2021-01-05 19:45:00,263,99,1301.5,1082.5,7.820812401013196e-05,8.921860721643353e-05
2021-01-05 20:00:00,307,140,1090.0,800.5,9.100966777617432e-05,0.00012232447966224462
2021-01-05 20:15:00,234,100,1461.5,1074.0,6.872190184632843e-05,8.877486250993168e-05
2021-01-05 20:30:00,237,91,1456.5,1184.0,6.767959508754656e-05,8.002476370709881e-05
2021-01-05 20:45:00,281,88,1295.5,1235.0,7.85582410110921e-05,7.632190846401291e-05
2021-01-05 21:00:00,279,88,1302.5,1214.5,7.822111173787685e-05,7.705576911289546e-05
2021-01-05 21:15:00,266,105,1325.0,1033.5,7.426767465956228e-05,9.3911830207411e-05
2021-01-05 21:30:00,242,92,1463.0,1163.0,6.735536131976429e-05,8.167106092483599e-05
2021-01-05 21:45:00,269,85,1360.0,1265.0,7.267496836342455e-05,7.52752639283592e-05
2021-01-05 22:00:00,280,92,1291.0,1186.5,7.708406402602357e-05,8.110836341836487e-05
2021-01-05 22:15:00,281,92,1316.5,1187.0,7.540522931240091e-05,8.200228180262407e-05
2021-01-05 22:30:00,271,82,1363.0,1293.0,7.117723736190368e-05,7.205718880301586e-05
2021-01-05 22:45:00,290,89,1300.5,1186.5,7.669058443249894e-05,8.084933589992124e-05
2021-01-05 23:00:00,246,83,1488.0,1292.5,6.43713652093705e-05,7.502160260605162e-05
2021-01-05 23:15:00,243,73,1473.5,1385.0,6.507020620025343e-05,6.768252261106191e-05
2021-01-05 23:30:00,288,87,1280.5,1198.5,7.70926024026659e-05,8.000463475125457e-05
2021-01-05 23:45:00,232,71,1553.0,1433.5,6.194799199055186e-05,6.574159294657523e-05
2021-01-06 00:00:00,248,74,1438.0,1385.5,6.714945682046239e-05,6.87623702574872e-05
2021-01-06 00:15:00,253,99,1390.0,1026.0,7.032221751245577e-05,9.604749985447347e-05
2021-01-06 00:30:00,238,82,1401.0,1170.5,7.016312927556569e-05,8.41607429135628e-05
2021-01-06 00:45:00,198,63,1601.5,1400.0,6.010056828426233e-05,6.724439923533512e-05
2021-01-06 01:00:00,209,68,1486.0,1333.5,6.554976968194561e-05,7.215129702566888e-05
2021-01-06 01:15:00,237,61,1213.5,1345.0,7.950797646161325e-05,7.036810594437459e-05
2021-01-06 01:30:00,219,70,1226.5,1140.5,7.810482737763221e-05,8.539501293124481e-05
2021-01-06 01:45:00,211,75,1270.0,1059.5,7.704947964213986e-05,9.232439592147748e-05
2021-01-06 02:00:00,239,74,1133.5,1105.0,8.722898338087131e-05,8.929497993276329e-05
2021-01-06 02:15:00,234,52,1127.5,1426.0,8.81280583543328e-05,6.625782192700683e-05
2021-01-06 02:30:00,221,48,1151.5,1532.0,8.51449756951548e-05,6.138091718435503e-05
2021-01-06 02:45:00,212,55,1138.0,1280.5,8.499865886550045e-05,7.371725278584201e-05
2021-01-06 03:00:00,230,74,1046.5,1051.5,9.202573039421822e-05,9.098364384575567e-05
2021-01-06 03:15:00,225,62,1012.0,1157.5,9.336378514212873e-05,8.354871833570954e-05
2021-01-06 03:30:00,226,68,983.0,1043.5,9.57563416332049e-05,9.309941648571607e-05
2021-01-06 03:45:00,183,53,1198.5,1313.5,7.894243026212769e-05,7.326179480338884e-05
2021-01-06 04:00:00,207,64,1108.0,1077.0,8.731528283191724e-05,8.735507928838369e-05
2021-01-06 04:15:00,208,66,1084.5,1002.0,8.936227983797932e-05,9.485934227981492e-05
2021-01-06 04:30:00,200,45,1079.5,1449.5,8.671342254410244e-05,6.43903025342592e-05
2021-01-06 04:45:00,200,62,1084.5,1049.5,8.72916457530432e-05,8.926861646602825e-05
2021-01-06 05:00:00,213,60,1070.5,1190.0,9.021543700484749e-05,8.063865817272801e-05
2021-01-06 05:15:00,223,65,988.5,1036.0,9.472090252454567e-05,9.018483729267892e-05
2021-01-06 05:30:00,224,78,1018.5,935.5,9.237985772677088e-05,0.00010258622503735192
2021-01-06 05:45:00,242,63,941.5,1107.0,0.00010099066837877844,8.57294487460367e-05
2021-01-06 06:00:00,231,62,1049.5,1257.5,9.026018377129712e-05,7.53450377393572e-05
2021-01-06 06:15:00,224,65,1080.5,1135.5,8.789187416080917e-05,8.309544598604252e-05
2021-01-06 06:30:00,233,75,1098.5,1068.0,8.837892940116638e-05,9.107446004988452e-05
2021-01-06 06:45:00,195,63,1330.5,1255.0,7.22921581915542e-05,7.650728458645384e-05
2021-01-06 07:00:00,229,70,1225.0,1248.0,7.997016309722696e-05,7.632514073810773e-05
2021-01-06 07:15:00,236,71,1206.0,1214.5,8.041280389906696e-05,7.999621426366303e-05
2021-01-06 07:30:00,285,79,1088.0,1201.5,9.016884353237868e-05,8.117550349362927e-05
2021-01-06 07:45:00,297,82,1048.5,1135.0,9.2710634190683e-05,8.471844547851458e-05
2021-01-06 08:00:00,276,88,1196.0,1188.0,8.044140179052068e-05,8.134846168210129e-05
2021-01-06 08:15:00,267,75,1291.0,1353.5,7.35431838965217e-05,6.880083808594234e-05
2021-01-06 08:30:00,289,105,1234.5,1070.5,7.686752852277366e-05,8.992312857123283e-05
2021-01-06 08:45:00,278,91,1294.0,1252.0,7.295350971987425e-05,7.611183923841322e-05
2021-01-06 09:00:00,355,157,1167.0,879.5,8.562996518116769e-05,0.00011441914429055757
2021-01-06 09:15:00,308,117,1283.5,1035.5,7.488626041356666e-05,9.19392823549658e-05
2021-01-06 09:30:00,342,111,1188.5,1133.5,8.176607061910783e-05,8.462365345470348e-05
2021-01-06 09:45:00,343,129,1191.5,999.0,8.108085747143555e-05,9.64796158765061e-05
2021-01-06 10:00:00,357,127,1256.5,1149.5,7.603547214513958e-05,8.524239379435374e-05
2021-01-06 10:15:00,383,131,1093.0,998.5,8.874991686936637e-05,9.541526032342133e-05
2021-01-06 10:30:00,392,141,1072.0,982.0,9.050657592612816e-05,9.957598989833364e-05
2021-01-06 10:45:00,328,111,1241.5,1181.0,7.637224390500597e-05,8.021871524307355e-05
2021-01-06 11:00:00,359,136,1156.5,1042.0,8.248353086492368e-05,9.225323785123217e-05
2021-01-06 11:15:00,365,141,1127.5,961.0,8.512001805943616e-05,0.00010013735151619311
2021-01-06 11:30:00,444,122,962.0,1099.0,0.00010182886008783427,8.573852140405964e-05
2021-01-06 11:45:00,428,132,947.5,1010.0,0.00010164718310243828,9.424283379633696e-05
2021-01-06 12:00:00,392,152,1009.0,923.5,9.380171657141324e-05,0.0001034368245983657
2021-01-06 12:15:00,370,123,1091.0,1111.0,8.841935819972453e-05,8.639223902695648e-05
2021-01-06 12:30:00,400,133,1006.0,1021.5,9.622321476468252e-05,9.302045820618788e-05
2021-01-06 12:45:00,426,158,993.5,870.0,9.924328162587519e-05,0.00011004356471501853
2021-01-06 13:00:00,369,139,1099.0,1025.0,8.859095013433893e-05,9.387470900528603e-05
2021-01-06 13:15:00,359,120,1187.0,1210.0,8.140495427377143e-05,8.044788016483771e-05
2021-01-06 13:30:00,380,143,1213.5,1096.5,7.872818348804802e-05,8.957744502575821e-05
2021-01-06 13:45:00,338,113,1440.0,1398.0,6.64117738250765e-05,6.806859869043245e-05
2021-01-06 14:00:00,312,120,1548.5,1358.0,6.155802169091599e-05,7.181319950544644e-05
2021-01-06 14:15:00,316,128,1675.5,1396.0,5.481550765404892e-05,7.064438719305566e-05
2021-01-06 14:30:00,348,132,1848.0,1588.5,4.683415259455149e-05,5.865923649671043e-05
2021-01-06 14:45:00,320,103,2232.0,2114.5,3.695627645188795e-05,4.175373807434192e-05
2021-01-06 15:00:00,523,118,1654.5,1938.5,5.424255611667273e-05,4.551299704628363e-05
2021-01-06 15:15:00,801,107,1296.0,2219.0,7.521898726319986e-05,3.869934048366942e-05
2021-01-06 15:30:00,1092,125,1063.5,1997.5,9.883251825166e-05,4.409671927464072e-05
2021-01-06 15:45:00,1187,109,1011.5,2210.5,0.00010571551323055921,3.933089842597023e-05
2021-01-06 16:00:00,1028,114,1101.5,2042.5,9.64787689459244e-05,4.314036094858842e-05
2021-01-06 16:15:00,965,124,1154.5,1934.0,8.897627311677339e-05,4.573963010656228e-05
2021-01-06 16:30:00,889,108,1222.0,2137.5,8.446899313340248e-05,4.145029993897595e-05
2021-01-06 16:45:00,788,110,1304.5,1917.5,7.855582492937203e-05,4.684431165265028e-05
2021-01-06 17:00:00,749,138,1288.5,1525.0,7.919759408494424e-05,6.345390648457542e-05
2021-01-06 17:15:00,740,102,1325.0,1859.0,7.864436666681899e-05,4.94649540800343e-05
2021-01-06 17:30:00,835,121,1131.0,1565.5,9.29925492364922e-05,6.128496851927919e-05
2021-01-06 17:45:00,678,116,1315.5,1595.0,7.851341450323416e-05,6.008594361866559e-05
2021-01-06 18:00:00,622,99,1385.0,1843.5,7.429954758503774e-05,5.014128192518212e-05
2021-01-06 18:15:00,557,103,1481.5,1768.0,6.685298284926934e-05,5.30553985928472e-05
2021-01-06 18:30:00,521,118,1560.5,1540.5,6.41504425149239e-05,6.405565676590588e-05
2021-01-06 18:45:00,578,102,1380.5,1681.0,7.332081382551473e-05,5.690338474721508e-05
2021-01-06 19:00:00,555,85,1377.5,1915.0,7.177770483611016e-05,4.7791982304596866e-05
2021-01-06 19:15:00,555,114,1334.5,1493.5,7.315931171719536e-05,6.523257989703552e-05
2021-01-06 19:30:00,530,105,1387.5,1556.5,7.212954029938658e-05,6.200678767635764e-05
2021-01-06 19:45:00,485,88,1474.0,1756.0,6.791096354595486e-05,5.404475888667797e-05
2021-01-06 20:00:00,414,91,1585.5,1653.0,6.310018526153427e-05,5.7950968386154684e-05
2021-01-06 20:15:00,378,83,1680.5,1704.5,5.8710475657363186e-05,5.570275399784706e-05
2021-01-06 20:30:00,402,92,1562.5,1546.5,6.361205381959526e-05,6.212748830720153e-05
2021-01-06 20:45:00,353,81,1770.0,1788.0,5.472554287583503e-05,5.249156732691554e-05
2021-01-06 21:00:00,338,82,1871.5,1763.5,5.216740922909379e-05,5.383813368139906e-05
2021-01-06 21:15:00,422,83,1569.5,1807.0,6.501969619161767e-05,5.280539811134814e-05
2021-01-06 21:30:00,398,74,1627.0,1917.0,6.170506282288571e-05,4.9190876554830546e-05
2021-01-06 21:45:00,492,82,1289.0,1721.0,8.044028959812228e-05,5.604714521815326e-05
2021-01-06 22:00:00,536,75,1138.5,1777.5,9.14173284616084e-05,5.345908811625855e-05
2021-01-06 22:15:00,453,89,1341.0,1494.0,7.730549561867264e-05,6.443401594778095e-05
2021-01-06 22:30:00,395,62,1460.0,1990.0,7.008169751710305e-05,4.663330129174245e-05
2021-01-06 22:45:00,386,86,1421.5,1452.0,7.12445011611377e-05,6.668698293356037e-05
2021-01-06 23:00:00,393,74,1334.0,1584.0,7.618310619265913e-05,6.014050121418796e-05
2021-01-06 23:15:00,355,60,1420.0,1833.5,7.085136800020917e-05,5.103768111997088e-05
2021-01-06 23:30:00,294,72,1636.0,1514.0,6.106021721237678e-05,6.360036358207848e-05
2021-01-06 23:45:00,317,68,1447.0,1525.0,6.864450914303718e-05,6.268361459532657e-05
2021-01-07 00:00:00,368,79,1263.0,1338.0,8.211686568849413e-05,7.240864137558089e-05
2021-01-07 00:15:00,338,77,1308.0,1359.0,7.729952950200578e-05,7.241293050427614e-05
2021-01-07 00:30:00,314,70,1338.5,1381.5,7.569425979571711e-05,7.008353957917838e-05
2021-01-07 00:45:00,261,58,1510.0,1543.5,6.56804863275121e-05,6.129613855463705e-05
2021-01-07 01:00:00,261,61,1441.5,1460.0,6.835205551129695e-05,6.567543415768564e-05
2021-01-07 01:15:00,237,58,1458.5,1445.0,6.63636712382929e-05,6.62964732562313e-05
2021-01-07 01:30:00,248,71,1351.0,1152.5,7.038120503974835e-05,8.348010939421659e-05
2021-01-07 01:45:00,235,43,1367.0,1819.0,7.017009529696134e-05,5.155566213056771e-05
2021-01-07 02:00:00,252,65,1258.5,1224.0,7.763740742817461e-05,7.897032416710607e-05
2021-01-07 02:15:00,239,50,1244.0,1477.5,7.789804352056133e-05,6.414220069324891e-05
2021-01-07 02:30:00,237,59,1237.0,1228.0,7.803956704833613e-05,7.845191761750834e-05
2021-01-07 02:45:00,218,55,1281.5,1297.0,7.511537790960105e-05,7.433195841735097e-05
2021-01-07 03:00:00,225,57,1252.0,1348.0,7.647614250258489e-05,7.014642142493225e-05
2021-01-07 03:15:00,248,42,1116.0,1629.5,8.769414263240135e-05,5.698778833107191e-05
2021-01-07 03:30:00,204,52,1337.5,1410.5,7.204926474431694e-05,6.848647523818806e-05
2021-01-07 03:45:00,190,42,1462.5,1722.0,6.52895384854339e-05,5.425704663393158e-05
2021-01-07 04:00:00,173,43,1600.0,1726.5,5.9631422657527784e-05,5.430746613992634e-05
2021-01-07 04:15:00,212,50,1309.5,1415.5,7.492254175429718e-05,6.63487235832557e-05
2021-01-07 04:30:00,190,47,1431.5,1487.0,6.876043394347965e-05,6.333830606417114e-05
2021-01-07 04:45:00,203,57,1301.5,1236.5,7.49071409752393e-05,7.838219156607619e-05
2021-01-07 05:00:00,191,49,1400.5,1509.5,6.837371857449029e-05,6.454383316604625e-05
2021-01-07 05:15:00,213,56,1235.5,1297.5,7.768905339353445e-05,7.522523914237855e-05
2021-01-07 05:30:00,208,59,1291.0,1271.0,7.494582641825968e-05,7.565053045126182e-05
2021-01-07 05:45:00,207,42,1293.0,1703.5,7.449709065468187e-05,5.5731670583364627e-05
2021-01-07 06:00:00,217,52,1279.0,1524.0,7.46214508817195e-05,6.180183242433138e-05
2021-01-07 06:15:00,194,56,1462.0,1392.0,6.586369542182813e-05,6.982369516969652e-05
2021-01-07 06:30:00,207,63,1413.0,1313.5,6.742387697715634e-05,7.315543788754965e-05
2021-01-07 06:45:00,215,52,1386.5,1569.5,6.822578991978234e-05,6.076626257102057e-05
2021-01-07 07:00:00,242,62,1349.5,1493.5,7.08995037620683e-05,6.305721730534134e-05
2021-01-07 07:15:00,265,65,1268.5,1402.5,7.635164745246245e-05,6.878860098801595e-05
2021-01-07 07:30:00,267,66,1397.5,1485.5,7.068887232715975e-05,6.449771912611454e-05
2021-01-07 07:45:00,267,78,1419.0,1262.5,6.899688351155374e-05,7.630712640079829e-05
2021-01-07 08:00:00,327,87,1190.5,1255.5,8.097841739446122e-05,7.650833545123647e-05
2021-01-07 08:15:00,297,84,1331.5,1305.5,7.089708202410453e-05,7.152076997217501e-05
2021-01-07 08:30:00,319,96,1288.0,1239.5,7.304546702500927e-05,7.865197076440703e-05
2021-01-07 08:45:00,320,104,1331.0,1128.5,7.13805329672107e-05,8.412823731928608e-05
2021-01-07 09:00:00,329,103,1399.0,1260.5,6.960072875559397e-05,7.418354882573924e-05
2021-01-07 09:15:00,321,101,1381.0,1239.5,6.761658489483409e-05,7.67830779219002e-05
2021-01-07 09:30:00,325,95,1408.5,1349.5,6.728088943265649e-05,7.044608686818202e-05
2021-01-07 09:45:00,350,96,1333.0,1358.0,7.118579879923794e-05,7.013140140803398e-05
2021-01-07 10:00:00,395,134,1308.5,1094.0,7.332913531768779e-05,8.856746097578869e-05
2021-01-07 10:15:00,382,106,1318.0,1297.0,7.416692295027477e-05,7.347406157680883e-05
2021-01-07 10:30:00,381,108,1347.5,1342.0,7.256851200837451e-05,7.131532533325059e-05
2021-01-07 10:45:00,364,122,1434.5,1160.0,6.832779546562483e-05,8.205945005370858e-05
2021-01-07 11:00:00,435,144,1267.5,1086.0,7.907118442453992e-05,8.968939441596322e-05
2021-01-07 11:15:00,398,136,1402.0,1116.5,7.097992783945124e-05,8.624237531793949e-05
2021-01-07 11:30:00,394,132,1417.0,1156.0,7.066363375002758e-05,8.329957176447424e-05
2021-01-07 11:45:00,463,151,1243.0,1015.0,8.157364188255053e-05,9.550693627030868e-05
2021-01-07 12:00:00,402,138,1384.0,1152.0,7.098448953587975e-05,8.31151560487055e-05
2021-01-07 12:15:00,407,138,1340.0,1107.5,7.379377992772924e-05,8.732502564381641e-05
2021-01-07 12:30:00,427,113,1301.5,1354.5,7.711439731215691e-05,7.123705991414989e-05
2021-01-07 12:45:00,483,145,1162.0,1052.5,8.760893981211419e-05,9.101694170521809e-05
2021-01-07 13:00:00,419,142,1289.5,1079.5,7.760515313033998e-05,8.865679953948411e-05
2021-01-07 13:15:00,392,129,1329.5,1141.0,7.34704006123533e-05,8.412502152035434e-05
2021-01-07 13:30:00,482,152,1109.5,981.5,9.070364766036338e-05,9.927470682938141e-05
2021-01-07 13:45:00,373,123,1399.0,1194.0,7.142241668182558e-05,8.10752021936445e-05
2021-01-07 14:00:00,399,120,1290.0,1195.5,7.781173888564621e-05,7.893931868789695e-05
2021-01-07 14:15:00,374,108,1332.0,1305.0,7.340583238779162e-05,7.337395170363446e-05
2021-01-07 14:30:00,360,108,1382.5,1286.5,7.086372845964104e-05,7.29349285372765e-05
2021-01-07 14:45:00,390,131,1256.0,1071.5,7.873224133733373e-05,9.020777398201216e-05
2021-01-07 15:00:00,407,125,1181.0,1141.5,8.304502223647796e-05,8.425724207847112e-05
2021-01-07 15:15:00,412,110,1156.5,1248.0,8.544005985781281e-05,7.761274485939041e-05
2021-01-07 15:30:00,426,124,1100.0,1089.0,9.0086698931521e-05,8.832097551941993e-05
2021-01-07 15:45:00,320,95,1416.0,1387.5,6.909865128070032e-05,6.818932226991488e-05
2021-01-07 16:00:00,359,132,1244.0,1026.5,7.917495724772851e-05,9.435466058412684e-05
2021-01-07 16:15:00,315,111,1433.0,1191.0,6.884798954035115e-05,8.068220804670555e-05
2021-01-07 16:30:00,352,141,1255.5,946.5,7.946871551464121e-05,0.00010428847523592494
2021-01-07 16:45:00,284,87,1505.0,1424.0,6.370428292417913e-05,6.609249758990289e-05
2021-01-07 17:00:00,313,128,1353.5,996.5,7.223730948563573e-05,9.700078131098073e-05
2021-01-07 17:15:00,307,91,1370.5,1348.5,7.214376489874493e-05,7.059588356178729e-05
2021-01-07 17:30:00,340,112,1237.0,1090.5,8.002528799100517e-05,8.758820405861841e-05
2021-01-07 17:45:00,304,103,1386.5,1169.5,7.154633036753397e-05,8.132873786484428e-05
2021-01-07 18:00:00,329,118,1265.0,1070.5,7.755239913886193e-05,9.131331766045996e-05
2021-01-07 18:15:00,268,82,1566.5,1441.5,6.282641015987446e-05,6.543087427617095e-05
2021-01-07 18:30:00,317,118,1329.5,1044.0,7.408103296535859e-05,9.493406105386462e-05
2021-01-07 18:45:00,321,111,1358.0,1128.0,7.417141174999936e-05,8.704605677441818e-05
2021-01-07 19:00:00,266,89,1534.5,1407.0,6.266644301500035e-05,6.833669258086189e-05
2021-01-07 19:15:00,242,62,1683.5,1998.5,5.690249616202069e-05,4.51915465567686e-05
2021-01-07 19:30:00,278,80,1478.5,1605.5,6.47143872420474e-05,5.803527383943961e-05
2021-01-07 19:45:00,283,72,1478.5,1716.0,6.615126339563084e-05,5.38198246819211e-05
2021-01-07 20:00:00,264,74,1546.5,1629.0,6.338325404824521e-05,5.660842119113298e-05
2021-01-07 20:15:00,218,68,1821.5,1724.5,5.251855374503061e-05,5.370378414237821e-05
2021-01-07 20:30:00,265,100,1537.0,1189.5,6.343379331211533e-05,7.996941969390904e-05
2021-01-07 20:45:00,224,81,1796.5,1411.0,5.4159720400443436e-05,6.613988831340836e-05
2021-01-07 21:00:00,221,74,1811.0,1575.5,5.406317808313008e-05,5.962649640347478e-05
2021-01-07 21:15:00,213,74,1854.5,1539.5,5.201771337458444e-05,6.069802731411229e-05
2021-01-07 21:30:00,234,75,1705.0,1512.0,5.6557025796529566e-05,6.197875863983896e-05
2021-01-07 21:45:00,246,83,1619.0,1347.5,5.967606087540415e-05,6.996998034939466e-05
2021-01-07 22:00:00,232,77,1700.5,1454.5,5.709420050892589e-05,6.467506658592083e-05
2021-01-07 22:15:00,257,80,1501.0,1369.5,6.428696500487779e-05,6.837378924976005e-05
2021-01-07 22:30:00,288,89,1315.0,1222.5,7.377396885508949e-05,7.763521393735275e-05
2021-01-07 22:45:00,223,69,1593.0,1484.5,5.966708442544611e-05,6.333912871061729e-05
2021-01-07 23:00:00,238,74,1459.0,1365.5,6.511081011800102e-05,6.901349866729338e-05
2021-01-07 23:15:00,228,57,1491.0,1657.0,6.387381224124803e-05,5.520853814570986e-05
2021-01-07 23:30:00,212,74,1571.0,1273.5,6.141776537834211e-05,7.434145028114128e-05
2021-01-07 23:45:00,206,69,1579.0,1320.0,6.10672540190257e-05,7.111547194391566e-05
2021-01-08 00:00:00,177,46,1924.0,1970.0,5.087100062683419e-05,4.64813140065377e-05
2021-01-08 00:15:00,225,67,1430.0,1337.0,6.828950866760795e-05,7.111507374208579e-05
2021-01-08 00:30:00,193,61,1587.0,1422.0,6.13118057946963e-05,6.600731490899647e-05
2021-01-08 00:45:00,183,72,1596.0,1189.0,6.001896993016809e-05,8.167895632444696e-05
2021-01-08 01:00:00,221,71,1289.0,1150.5,7.423972308919214e-05,8.246005042838577e-05
2021-01-08 01:15:00,241,74,1164.5,1054.0,8.406703037575521e-05,9.191313463535328e-05
2021-01-08 01:30:00,217,51,1232.5,1456.0,7.816715668228329e-05,6.4406381535827e-05
2021-01-08 01:45:00,233,79,1080.5,911.5,8.698937609576746e-05,0.00010477425789321512
2021-01-08 02:00:00,203,57,1216.5,1298.0,7.766158295729951e-05,7.435768656278333e-05
2021-01-08 02:15:00,181,61,1359.5,1156.0,7.053645507159059e-05,8.287232770707213e-05
2021-01-08 02:30:00,230,75,1037.0,926.5,9.23186099867864e-05,0.00010321905836693688
2021-01-08 02:45:00,215,61,1075.5,1087.5,8.885097913779008e-05,8.653623811368025e-05
2021-01-08 03:00:00,234,74,1028.5,1035.5,9.322022082037779e-05,9.50278598570216e-05
2021-01-08 03:15:00,226,59,1028.0,1139.0,9.333597647603e-05,8.246742536698004e-05
2021-01-08 03:30:00,203,54,1111.0,1221.0,8.493038009901292e-05,7.712159361775968e-05
2021-01-08 03:45:00,262,66,851.0,975.5,0.00011138593867311289,9.57623700316016e-05
2021-01-08 04:00:00,230,73,1027.0,948.5,9.53162427165958e-05,9.989681890212028e-05
2021-01-08 04:15:00,243,82,936.5,828.0,0.00010110504064797095,0.00011655856570420564
2021-01-08 04:30:00,198,63,1140.5,1048.0,8.278007257889192e-05,8.99094483413134e-05
2021-01-08 04:45:00,225,74,987.5,901.0,9.443893200900568e-05,0.00010500609461049124
2021-01-08 05:00:00,211,75,1085.0,949.0,8.684575001183325e-05,9.982298058110284e-05
2021-01-08 05:15:00,228,59,965.5,1148.5,9.470833778144057e-05,8.267462211392002e-05
2021-01-08 05:30:00,237,53,958.0,1350.0,9.607993850883935e-05,7.084074599315384e-05
2021-01-08 05:45:00,226,58,1037.5,1233.0,9.101922197091252e-05,7.859760196006158e-05
2021-01-08 06:00:00,229,67,1092.5,1170.5,8.650130186347979e-05,8.196209925732553e-05
2021-01-08 06:15:00,211,62,1159.0,1179.0,8.073446167714941e-05,8.067055446693679e-05
2021-01-08 06:30:00,243,59,1051.5,1339.5,8.888992939286349e-05,7.182500021304025e-05
2021-01-08 06:45:00,257,72,1014.0,1084.5,9.289219300756729e-05,8.842721150929284e-05
2021-01-08 07:00:00,244,73,1191.5,1231.0,8.067694570309297e-05,7.79261814890092e-05
2021-01-08 07:15:00,244,77,1215.0,1126.0,7.877129690160852e-05,8.49548305095966e-05
2021-01-08 07:30:00,273,80,1173.0,1188.0,8.199389941360846e-05,8.150324586676664e-05
2021-01-08 07:45:00,279,80,1161.5,1158.0,8.254252271250705e-05,8.142046136904433e-05
2021-01-08 08:00:00,295,89,1164.0,1186.5,8.167435190017456e-05,8.151317765842865e-05
2021-01-08 08:15:00,303,66,1164.5,1577.5,8.094940021303318e-05,5.9411448586142554e-05
2021-01-08 08:30:00,307,89,1209.0,1305.0,7.858445589223434e-05,7.519743551397447e-05
2021-01-08 08:45:00,345,93,1124.0,1245.0,8.597074552584567e-05,7.757576566446563e-05
2021-01-08 09:00:00,331,100,1294.5,1280.0,7.667814522284731e-05,7.352438399432979e-05
2021-01-08 09:15:00,349,91,1196.5,1350.0,8.125078718975413e-05,7.083073555772977e-05
2021-01-08 09:30:00,365,116,1142.0,1087.5,8.366963560154457e-05,8.842717031530385e-05
2021-01-08 09:45:00,344,110,1230.5,1172.0,7.594933914139715e-05,8.061377865361798e-05
2021-01-08 10:00:00,393,138,1236.0,1075.5,7.95060187876971e-05,9.070348439407115e-05
2021-01-08 10:15:00,377,109,1250.0,1274.5,7.776503696314535e-05,7.363670756093607e-05
2021-01-08 10:30:00,376,149,1264.0,1008.5,7.593545002053891e-05,9.695900130927187e-05
2021-01-08 10:45:00,362,131,1319.5,1168.0,7.250873409765284e-05,8.235083340929307e-05
2021-01-08 11:00:00,422,160,1165.5,1021.5,8.265372515638593e-05,9.449607605044201e-05
2021-01-08 11:15:00,457,142,1063.0,1098.5,9.099974671405292e-05,8.827996436473551e-05
2021-01-08 11:30:00,465,140,1051.5,1121.0,9.18545553241962e-05,8.633432473916242e-05
2021-01-08 11:45:00,427,129,1189.5,1234.5,8.239479805170072e-05,7.868919658330289e-05
2021-01-08 12:00:00,491,167,1044.0,1019.0,9.42521361737971e-05,9.618413906268267e-05
2021-01-08 12:15:00,484,121,1049.5,1306.5,9.556633419191654e-05,7.461710939484909e-05
2021-01-08 12:30:00,426,120,1200.5,1287.5,8.369042557956602e-05,7.464455197406849e-05
2021-01-08 12:45:00,485,141,1013.0,1093.0,9.71447845869484e-05,8.943488569460458e-05
2021-01-08 13:00:00,461,150,1035.5,1027.5,9.456641095444176e-05,9.375585974123384e-05
2021-01-08 13:15:00,406,113,1173.5,1288.5,8.47817225641334e-05,7.473371978823241e-05
2021-01-08 13:30:00,402,124,1191.0,1189.0,8.417437916160643e-05,8.127448885556343e-05
2021-01-08 13:45:00,432,136,1094.0,1064.0,9.1865989637006e-05,9.079668752319987e-05
2021-01-08 14:00:00,399,141,1136.0,1016.5,8.683290997755838e-05,9.380307607562525e-05
2021-01-08 14:15:00,387,134,1181.5,1039.5,8.514207065515834e-05,9.215848232861102e-05
2021-01-08 14:30:00,402,132,1111.5,1057.0,8.992226421577049e-05,9.15649913741616e-05
2021-01-08 14:45:00,392,112,1102.0,1206.0,9.002673702225545e-05,7.904630631431776e-05
2021-01-08 15:00:00,374,130,1109.5,1068.0,8.909683444188218e-05,8.965337934620617e-05
2021-01-08 15:15:00,366,106,1125.5,1258.0,8.889622943971087e-05,7.610508532744211e-05
2021-01-08 15:30:00,415,130,966.5,1024.0,0.00010231220656119552,9.37280775434015e-05
2021-01-08 15:45:00,366,110,1076.5,1158.0,9.217553142593785e-05,8.222706780518764e-05
2021-01-08 16:00:00,329,105,1154.0,1208.5,8.510618483976885e-05,7.880356672448097e-05
2021-01-08 16:15:00,305,90,1238.5,1358.0,7.958083599537753e-05,6.946164906585661e-05
2021-01-08 16:30:00,348,123,1124.5,1028.0,8.99738843044437e-05,9.403741618819715e-05
2021-01-08 16:45:00,308,96,1238.5,1277.5,7.988664396468076e-05,7.386086920394141e-05
2021-01-08 17:00:00,440,114,881.5,1065.5,0.00011683458983624041,8.956222925102407e-05
2021-01-08 17:15:00,479,118,790.5,1014.0,0.0001293185022919612,9.510169837126252e-05
2021-01-08 17:30:00,386,100,963.0,1185.5,0.00010417754660798178,8.004104504790056e-05
2021-01-08 17:45:00,351,92,1046.5,1268.5,9.613854468155272e-05,7.517832380121217e-05
2021-01-08 18:00:00,329,93,1096.5,1267.5,9.057941088692935e-05,7.537419641380921e-05
2021-01-08 18:15:00,350,85,1026.5,1374.0,9.509507741690252e-05,6.952021238833827e-05
2021-01-08 18:30:00,336,86,1196.5,1612.0,7.619851072732159e-05,5.80107441294476e-05
2021-01-08 18:45:00,362,96,1205.0,1485.0,7.977277540283597e-05,6.314622099467137e-05
2021-01-08 19:00:00,295,100,1415.0,1355.0,6.783056247401744e-05,6.868146019531633e-05
2021-01-08 19:15:00,431,89,1001.5,1476.5,9.917450455892083e-05,6.306921740313559e-05
2021-01-08 19:30:00,328,89,1240.5,1446.0,7.91838654183298e-05,6.580679126085812e-05
2021-01-08 19:45:00,278,77,1389.5,1567.0,6.882830457564626e-05,5.881166823497782e-05
2021-01-08 20:00:00,320,81,1194.0,1479.0,8.194911881649082e-05,6.251119027480227e-05
2021-01-08 20:15:00,311,94,1232.5,1306.5,7.990547003043859e-05,7.390320566947658e-05
2021-01-08 20:30:00,300,98,1273.5,1230.5,7.54196727691238e-05,7.752735212448677e-05
2021-01-08 20:45:00,301,76,1293.0,1549.0,7.470945839117524e-05,6.0714174443007364e-05
2021-01-08 21:00:00,268,77,1400.0,1527.5,6.873610209875942e-05,6.104594698516266e-05
2021-01-08 21:15:00,262,69,1439.5,1694.5,6.66819373393398e-05,5.482425647581734e-05
2021-01-08 21:30:00,259,68,1419.5,1686.5,6.70439246426287e-05,5.51909525796089e-05
2021-01-08 21:45:00,257,75,1470.0,1542.0,6.551414455479315e-05,6.14189748599852e-05
2021-01-08 22:00:00,268,104,1437.0,1150.0,6.781357642982271e-05,8.424722672710865e-05
2021-01-08 22:15:00,369,75,1058.5,1491.0,9.580866930845874e-05,6.317598301829577e-05
2021-01-08 22:30:00,301,63,1226.0,1710.5,7.968116943366808e-05,5.35902033705686e-05
2021-01-08 22:45:00,264,61,1354.0,1701.0,7.179902799346194e-05,5.441545755817325e-05
2021-01-08 23:00:00,283,58,1243.5,1775.0,7.864300521878317e-05,5.219648195711609e-05
2021-01-08 23:15:00,306,58,1152.5,1711.5,8.680314238722258e-05,5.4724570294182314e-05
2021-01-08 23:30:00,278,70,1239.5,1462.0,7.937335025489409e-05,6.596262557634844e-05
2021-01-08 23:45:00,263,67,1278.0,1464.5,7.714974236972914e-05,6.514195598931671e-05
2021-01-09 00:00:00,279,66,1156.5,1439.0,8.404135919276919e-05,6.495180772690323e-05
2021-01-09 00:15:00,250,73,1262.0,1294.0,7.697089361052297e-05,7.463708993053639e-05
2021-01-09 00:30:00,251,68,1302.0,1376.5,7.582075972401244e-05,7.045646463966179e-05
2021-01-09 00:45:00,235,62,1350.0,1412.0,7.415099477503691e-05,6.854850746681203e-05
2021-01-09 01:00:00,220,64,1366.0,1341.0,7.175744418249353e-05,7.122499195936614e-05
2021-01-09 01:15:00,217,64,1327.5,1254.0,7.335378224946642e-05,7.615711212230833e-05
2021-01-09 01:30:00,212,71,1276.5,1122.5,7.512423848118634e-05,8.645894600456162e-05
2021-01-09 01:45:00,196,61,1374.0,1278.5,7.183665810002301e-05,7.666273298872807e-05
2021-01-09 02:00:00,184,56,1408.0,1347.5,6.891452875571074e-05,7.141190257886233e-05
2021-01-09 02:15:00,176,58,1416.5,1235.5,6.823019783268328e-05,7.89250946420747e-05
2021-01-09 02:30:00,184,54,1340.0,1317.5,7.147985045172158e-05,7.409491009131512e-05
2021-01-09 02:45:00,174,43,1393.0,1517.5,6.936745255206447e-05,6.173202844267321e-05
2021-01-09 03:00:00,216,43,1143.0,1675.5,8.374326176902987e-05,5.5213219328735656e-05
2021-01-09 03:15:00,183,52,1313.5,1360.0,7.308347570633383e-05,7.178374319089782e-05
2021-01-09 03:30:00,190,58,1258.5,1209.5,7.654796092347459e-05,8.076790784660225e-05
2021-01-09 03:45:00,199,53,1221.5,1294.5,8.021124174660583e-05,7.521197715258807e-05
2021-01-09 04:00:00,211,55,1190.5,1273.0,8.295127261405013e-05,7.583016799829038e-05
2021-01-09 04:15:00,186,32,1308.0,2040.0,7.387122973753871e-05,4.474235395116931e-05
2021-01-09 04:30:00,211,53,1227.5,1377.5,8.070549608253228e-05,7.164059669858503e-05
2021-01-09 04:45:00,219,45,1203.5,1560.5,8.244820727855785e-05,6.175533360231212e-05
2021-01-09 05:00:00,210,53,1245.5,1390.0,7.890512748062692e-05,6.922729279487562e-05
2021-01-09 05:15:00,174,42,1439.5,1597.5,6.807823362806513e-05,5.95497190529326e-05
2021-01-09 05:30:00,195,59,1283.5,1196.0,7.630615595021708e-05,8.173148851049209e-05
2021-01-09 05:45:00,227,63,1066.0,1070.0,9.118472659846424e-05,9.049981756385983e-05
2021-01-09 06:00:00,181,46,1369.5,1555.0,7.013793923884448e-05,6.016776342035424e-05
2021-01-09 06:15:00,184,56,1319.5,1229.5,7.28853734900052e-05,7.769533439516958e-05
2021-01-09 06:30:00,170,48,1485.5,1524.0,6.556130309646034e-05,6.308460039191307e-05
2021-01-09 06:45:00,220,53,1156.5,1362.5,8.39955619799434e-05,7.163759486912623e-05
2021-01-09 07:00:00,236,66,1160.0,1227.5,8.439062992241426e-05,7.84219600499524e-05
2021-01-09 07:15:00,220,43,1231.0,1707.0,7.938552715237621e-05,5.402152569351704e-05
2021-01-09 07:30:00,208,50,1388.5,1647.5,7.003079334788266e-05,5.7841717297449875e-05
2021-01-09 07:45:00,225,66,1282.0,1228.5,7.509499516888863e-05,7.767621024831671e-05
2021-01-09 08:00:00,224,75,1368.5,1230.5,7.058056929530974e-05,7.919412062848455e-05
2021-01-09 08:15:00,219,69,1427.5,1288.0,6.819379243428796e-05,7.405761682589055e-05
2021-01-09 08:30:00,225,66,1430.0,1421.5,6.782323877367144e-05,6.679019479461509e-05
2021-01-09 08:45:00,271,91,1221.5,1056.0,7.988176319979815e-05,9.13051417838416e-05
2021-01-09 09:00:00,278,97,1292.5,1110.5,7.626243825280011e-05,8.393181621528077e-05
2021-01-09 09:15:00,293,90,1199.0,1129.5,8.10602795224028e-05,8.370987274239124e-05
2021-01-09 09:30:00,294,82,1222.5,1287.0,7.931848692701836e-05,7.43694693375585e-05
2021-01-09 09:45:00,285,80,1260.5,1331.5,7.592272079326189e-05,7.134391423034633e-05
2021-01-09 10:00:00,290,104,1404.5,1143.0,7.026867105223942e-05,8.337094378313294e-05
2021-01-09 10:15:00,301,91,1304.0,1246.0,7.555408630887163e-05,7.546725426078995e-05
2021-01-09 10:30:00,306,99,1302.5,1218.0,7.462273452328145e-05,7.8251528868886e-05
2021-01-09 10:45:00,323,118,1245.5,1024.5,7.817219373925434e-05,9.428384230627866e-05
2021-01-09 11:00:00,304,110,1343.5,1165.5,7.160851811589509e-05,8.273955168702185e-05
2021-01-09 11:15:00,314,104,1295.5,1178.5,7.500938214485267e-05,8.024400349678675e-05
2021-01-09 11:30:00,316,107,1309.5,1160.0,7.407612306200687e-05,8.189500448126402e-05
2021-01-09 11:45:00,332,110,1221.5,1128.5,7.861879098034081e-05,8.344902402573265e-05
2021-01-09 12:00:00,332,104,1243.5,1275.5,7.735656764249336e-05,7.537367951111472e-05
2021-01-09 12:15:00,328,104,1252.5,1193.0,7.776444296713077e-05,7.923356760566064e-05
2021-01-09 12:30:00,358,109,1140.5,1151.5,8.589480190091435e-05,8.264863864801992e-05
2021-01-09 12:45:00,318,96,1306.0,1321.5,7.546197321669475e-05,7.202875748142446e-05
2021-01-09 13:00:00,318,95,1298.5,1366.0,7.583439294806918e-05,6.958345876667347e-05
2021-01-09 13:15:00,373,117,1116.5,1111.0,8.870390280525499e-05,8.734374241807791e-05
2021-01-09 13:30:00,351,98,1125.5,1293.0,8.666061112272896e-05,7.406808368484182e-05
2021-01-09 13:45:00,397,84,1029.5,1433.0,9.752229502140086e-05,6.433311072034703e-05
2021-01-09 14:00:00,449,116,882.0,1106.0,0.00011195552896992686,8.638202300740502e-05
2021-01-09 14:15:00,396,103,997.5,1233.5,9.968867428412329e-05,7.850490083992622e-05
2021-01-09 14:30:00,395,108,978.0,1174.0,0.00010034347954098064,8.176398220876313e-05
2021-01-09 14:45:00,361,102,1059.5,1222.0,9.398843707903724e-05,7.914265230305118e-05
2021-01-09 15:00:00,353,99,1042.5,1262.5,9.30344353916697e-05,7.568194014858123e-05
2021-01-09 15:15:00,358,105,1009.0,1159.5,9.656089472569827e-05,8.365160778390159e-05
2021-01-09 15:30:00,304,71,1207.0,1662.0,8.150378778129531e-05,5.6018254060928916e-05
2021-01-09 15:45:00,312,86,1183.5,1421.5,8.464104195292927e-05,6.8201518038905e-05
2021-01-09 16:00:00,318,86,1141.5,1401.5,8.697297930043093e-05,6.77330687018091e-05
2021-01-09 16:15:00,319,94,1162.5,1382.5,8.559571667227466e-05,7.041657396399616e-05
2021-01-09 16:30:00,300,84,1207.0,1388.0,8.343062270948178e-05,6.83350173034026e-05
2021-01-09 16:45:00,251,91,1367.0,1236.0,7.18273625049721e-05,7.704525519759144e-05
2021-01-09 17:00:00,259,86,1361.5,1403.0,7.043059744453864e-05,6.610665617159443e-05
2021-01-09 17:15:00,298,91,1147.5,1211.0,8.558882382287364e-05,7.816761369737108e-05
2021-01-09 17:30:00,256,87,1329.5,1271.0,7.438820063660028e-05,7.530843999864965e-05
2021-01-09 17:45:00,269,74,1274.0,1461.0,7.818965088756881e-05,6.454933226332638e-05
2021-01-09 18:00:00,279,77,1222.0,1370.0,8.134577991797196e-05,6.757207395368593e-05
2021-01-09 18:15:00,320,103,1066.5,1043.0,9.44226321607026e-05,9.214709897671988e-05
2021-01-09 18:30:00,323,82,1011.0,1255.0,9.718246082238023e-05,7.526084306829278e-05
2021-01-09 18:45:00,298,86,1106.0,1205.5,8.967341424001781e-05,7.938493292434708e-05
2021-01-09 19:00:00,300,84,1089.0,1266.5,9.034955338709937e-05,7.571278175970926e-05
2021-01-09 19:15:00,306,101,1071.0,1019.0,9.263794728840252e-05,9.350241532476816e-05
2021-01-09 19:30:00,264,66,1223.5,1480.0,8.069771735502227e-05,6.144622059193192e-05
2021-01-09 19:45:00,242,74,1354.0,1389.0,7.299675194617787e-05,6.701114014927184e-05
2021-01-09 20:00:00,198,59,1627.5,1712.5,5.9809877087681885e-05,5.364299586130649e-05
2021-01-09 20:15:00,236,72,1361.0,1433.0,7.212198149643333e-05,6.660795298958695e-05
2021-01-09 20:30:00,228,64,1412.0,1562.5,6.96444346154833e-05,6.0121840667728195e-05
2021-01-09 20:45:00,228,67,1445.0,1510.5,6.816139422338163e-05,6.365426801867065e-05
2021-01-09 21:00:00,241,79,1381.5,1316.0,7.076612997946901e-05,7.281763698472303e-05
2021-01-09 21:15:00,179,71,1817.0,1393.0,5.3214323512169143e-05,6.776419206471767e-05
2021-01-09 21:30:00,221,74,1499.0,1335.5,6.53205123847396e-05,7.034093490706917e-05
2021-01-09 21:45:00,231,69,1433.0,1432.0,6.93977745245276e-05,6.653430518417949e-05
2021-01-09 22:00:00,205,63,1598.5,1538.0,6.0535690662030126e-05,6.108332735427749e-05
2021-01-09 22:15:00,242,59,1390.0,1599.5,7.188446918220721e-05,5.815758734727472e-05
2021-01-09 22:30:00,156,51,2116.0,1880.5,4.5957791303902083e-05,4.893461663565875e-05
2021-01-09 22:45:00,186,72,1744.5,1287.5,5.5965080197057264e-05,7.308450090898848e-05
2021-01-09 23:00:00,211,71,1525.0,1335.0,6.431477785950056e-05,7.100241408207879e-05
2021-01-09 23:15:00,190,61,1708.0,1510.5,5.804470603258629e-05,6.257732402948725e-05
2021-01-09 23:30:00,197,71,1680.0,1381.0,5.869700397977605e-05,7.041094205873661e-05
2021-01-09 23:45:00,198,69,1588.5,1304.0,6.063163464724331e-05,7.244512806513764e-05
2021-01-10 00:00:00,192,58,1597.0,1489.5,6.050363604794031e-05,6.269429827785248e-05
2021-01-10 00:15:00,196,73,1516.0,1181.5,5.957993712492758e-05,7.993683894697998e-05
2021-01-10 00:30:00,170,63,1740.0,1348.0,5.2053383500547167e-05,6.962526137102088e-05
2021-01-10 00:45:00,194,54,1548.5,1510.5,6.086780548029876e-05,6.210030118646076e-05
2021-01-10 01:00:00,169,62,1740.0,1355.0,5.344921375890293e-05,7.183550133648791e-05
2021-01-10 01:15:00,176,51,1613.0,1460.0,5.84091601492885e-05,6.355449049860367e-05
2021-01-10 01:30:00,177,51,1574.5,1434.0,6.065497088047373e-05,6.479045369832802e-05
2021-01-10 01:45:00,154,47,1697.5,1495.0,5.5730910896406375e-05,6.310029187241391e-05
2021-01-10 02:00:00,170,45,1596.5,1619.5,5.9738206096811034e-05,5.879232720935033e-05
2021-01-10 02:15:00,173,52,1598.5,1420.5,6.049877568662613e-05,6.824809758427984e-05
2021-01-10 02:30:00,144,36,1907.0,1964.5,4.9378753556813344e-05,4.810287601750945e-05
2021-01-10 02:45:00,163,50,1654.0,1410.0,5.782331748335894e-05,6.952990829005096e-05
2021-01-10 03:00:00,190,57,1432.5,1347.0,6.707919192874919e-05,7.250284923477695e-05
2021-01-10 03:15:00,214,48,1333.5,1496.5,7.335396613583304e-05,6.48000648000648e-05
2021-01-10 03:30:00,234,39,1274.5,1869.5,7.815871429583006e-05,5.0010194385778636e-05
2021-01-10 03:45:00,216,47,1368.5,1550.0,6.963267474577626e-05,5.5521166558774476e-05
2021-01-10 04:00:00,217,48,1442.0,1590.5,6.839300701989607e-05,5.89562532318467e-05
2021-01-10 04:15:00,193,50,1461.5,1507.0,6.871552874819176e-05,6.380317995048873e-05
2021-01-10 04:30:00,197,43,1526.0,1675.0,6.212173147455863e-05,5.54860188136315e-05
2021-01-10 04:45:00,162,51,1813.0,1367.5,5.281512781749961e-05,6.903291651890013e-05
2021-01-10 05:00:00,155,52,1888.0,1374.5,5.074591585410451e-05,6.914130488257281e-05
2021-01-10 05:15:00,172,45,1649.0,1486.5,5.5228377367796266e-05,6.362483404522453e-05
2021-01-10 05:30:00,170,47,1603.0,1455.5,5.710592544519108e-05,6.4385061021969e-05
2021-01-10 05:45:00,170,71,1562.0,917.0,6.074392006957679e-05,0.00010306120819670464
2021-01-10 06:00:00,168,47,1587.0,1504.5,5.98288680698673e-05,6.26687556251875e-05
2021-01-10 06:15:00,170,44,1513.5,1520.5,6.302444681218641e-05,6.237825607408268e-05
2021-01-10 06:30:00,184,54,1470.0,1312.5,6.690300881738024e-05,7.281582854299573e-05
2021-01-10 06:45:00,180,62,1453.5,1118.0,6.616180310026858e-05,8.552608890574886e-05
2021-01-10 07:00:00,163,42,1691.0,1761.5,5.751963342702329e-05,5.185761380894173e-05
2021-01-10 07:15:00,171,58,1578.0,1271.0,6.073047035926867e-05,7.543322079043611e-05
2021-01-10 07:30:00,149,38,1927.5,2041.5,4.8866654378944175e-05,4.4172332543268546e-05
2021-01-10 07:45:00,200,49,1479.0,1584.0,6.491215600208628e-05,5.826757421386342e-05
2021-01-10 08:00:00,185,65,1693.5,1343.0,5.6964143688819346e-05,7.124060583011198e-05
2021-01-10 08:15:00,188,55,1687.5,1533.5,5.6944486092672315e-05,6.0662210751549645e-05
2021-01-10 08:30:00,214,61,1555.5,1515.5,6.289095619233465e-05,6.288983968245786e-05
2021-01-10 08:45:00,201,72,1632.5,1280.0,5.858835298520775e-05,7.414860410103571e-05
2021-01-10 09:00:00,225,78,1582.0,1326.0,6.119077243151732e-05,6.87205900103169e-05
2021-01-10 09:15:00,208,56,1710.0,1819.0,5.6094627321319737e-05,5.2238172484848605e-05
2021-01-10 09:30:00,204,60,1791.5,1710.0,5.329082606266218e-05,5.456410554880578e-05
2021-01-10 09:45:00,219,55,1699.5,1898.0,5.634974097130486e-05,4.889014916828968e-05
2021-01-10 10:00:00,240,73,1755.5,1637.0,5.611682775313834e-05,5.8024650143153966e-05
2021-01-10 10:15:00,220,68,1822.5,1678.5,5.297524635295528e-05,5.574040056035497e-05
2021-01-10 10:30:00,261,72,1533.5,1668.0,6.296354193806124e-05,5.604115911797441e-05
2021-01-10 10:45:00,269,81,1473.5,1451.0,6.447875161466539e-05,6.559432098945388e-05
2021-01-10 11:00:00,264,87,1539.5,1426.0,6.227171460684493e-05,6.661990510875125e-05
2021-01-10 11:15:00,254,92,1611.0,1298.0,6.014412331534298e-05,7.285657154396538e-05
2021-01-10 11:30:00,258,94,1654.0,1312.0,5.9183678150900024e-05,7.095335647117256e-05
2021-01-10 11:45:00,256,81,1699.0,1556.0,5.724613018396134e-05,6.049823658843722e-05
2021-01-10 12:00:00,259,114,1647.5,1177.5,5.8843830065380274e-05,8.186267751275335e-05
2021-01-10 12:15:00,271,104,1515.5,1231.5,6.318524514942494e-05,7.8369374454146e-05
2021-01-10 12:30:00,272,100,1540.5,1253.0,6.31016405034583e-05,7.553617465172158e-05
2021-01-10 12:45:00,269,100,1513.5,1245.5,6.373385122813236e-05,7.600649703536658e-05
2021-01-10 13:00:00,266,84,1508.5,1503.5,6.471378625036401e-05,6.286277057184167e-05
2021-01-10 13:15:00,243,98,1624.5,1274.5,5.971548887080223e-05,7.470810476210805e-05
2021-01-10 13:30:00,240,93,1624.5,1320.5,5.8989306713425525e-05,7.123467305582959e-05
2021-01-10 13:45:00,242,80,1601.0,1515.0,6.0405194047941746e-05,6.213592233009709e-05
2021-01-10 14:00:00,253,120,1519.5,1056.5,6.324263223334482e-05,9.134234425559416e-05
2021-01-10 14:15:00,320,104,1176.0,1165.5,8.239514445413732e-05,8.320625711053472e-05
2021-01-10 14:30:00,267,87,1381.0,1373.5,6.91507766642287e-05,6.894343785264172e-05
2021-01-10 14:45:00,248,87,1463.0,1333.5,6.518589545444031e-05,6.960490018497302e-05
2021-01-10 15:00:00,278,105,1303.0,1154.5,7.351597557682934e-05,8.328613785521538e-05
2021-01-10 15:15:00,264,109,1367.0,1083.5,7.074059237207409e-05,8.977636624803975e-05
2021-01-10 15:30:00,269,101,1355.5,1207.0,7.169893696330747e-05,8.029082768713925e-05
2021-01-10 15:45:00,283,104,1315.5,1245.0,7.367370411078442e-05,7.947108933467415e-05
2021-01-10 16:00:00,261,89,1378.0,1315.5,6.991276173087926e-05,6.947827281697706e-05
2021-01-10 16:15:00,253,75,1406.0,1494.5,6.877580961768533e-05,6.157145120626682e-05
2021-01-10 16:30:00,253,84,1421.5,1359.5,6.924500772232368e-05,6.867721952100911e-05
2021-01-10 16:45:00,265,97,1315.0,1168.5,7.428333401543187e-05,8.138150559141282e-05
2021-01-10 17:00:00,250,80,1395.5,1444.5,6.918915567919812e-05,6.509961054157993e-05
2021-01-10 17:15:00,236,79,1469.0,1381.5,6.656799935237234e-05,6.766114271961823e-05
2021-01-10 17:30:00,230,80,1499.5,1388.5,6.430490590514747e-05,6.844451288895734e-05
2021-01-10 17:45:00,220,80,1557.5,1349.5,6.178957783956111e-05,6.941347350227414e-05
2021-01-10 18:00:00,233,80,1477.0,1380.0,6.538726519868047e-05,6.80474631055161e-05
2021-01-10 18:15:00,239,84,1441.0,1268.0,6.744738187042597e-05,7.410256500735732e-05
2021-01-10 18:30:00,180,83,1841.5,1301.0,5.12990194192438e-05,7.244106308569256e-05
2021-01-10 18:45:00,218,76,1565.5,1441.5,6.144010533877876e-05,6.564632695844155e-05
2021-01-10 19:00:00,202,87,1699.0,1302.5,5.66777468855999e-05,7.448821459455294e-05
2021-01-10 19:15:00,215,78,1605.0,1438.5,6.0304157340558616e-05,6.647927465997556e-05
2021-01-10 19:30:00,228,103,1485.5,1110.5,6.422907920854001e-05,8.737224989481399e-05
2021-01-10 19:45:00,165,63,2072.0,1739.0,4.58003697894099e-05,5.314769322139135e-05
2021-01-10 20:00:00,200,65,1668.5,1607.5,5.745440777289192e-05,5.717794303669416e-05
2021-01-10 20:15:00,208,60,1619.5,1767.0,5.929929895684551e-05,5.1049535917177225e-05
2021-01-10 20:30:00,226,63,1540.5,1773.0,6.268947268999695e-05,5.2182858676394206e-05
2021-01-10 20:45:00,218,66,1655.5,1763.0,5.850731207209818e-05,5.096595937240827e-05
2021-01-10 21:00:00,255,78,1384.5,1425.0,7.111980787053629e-05,6.582867328216702e-05
2021-01-10 21:15:00,213,61,1584.5,1686.0,6.1459321287114e-05,5.4554007573169454e-05
2021-01-10 21:30:00,218,52,1538.5,1857.5,6.303627824560208e-05,4.815104612777621e-05
2021-01-10 21:45:00,204,63,1684.5,1608.0,5.800607528335541e-05,5.738222298731853e-05
2021-01-10 22:00:00,252,100,1409.5,1039.5,7.174640719901172e-05,9.348765028139784e-05
2021-01-10 22:15:00,213,68,1580.5,1440.5,6.245017546153758e-05,6.541864566086782e-05
2021-01-10 22:30:00,210,71,1579.0,1376.5,6.26030901481517e-05,6.876053803668327e-05
2021-01-10 22:45:00,192,50,1705.5,1884.5,5.7203993911349905e-05,4.830348499983577e-05
2021-01-10 23:00:00,190,76,1665.0,1251.5,5.791168042018278e-05,7.544292940924215e-05
2021-01-10 23:15:00,190,59,1702.5,1612.5,5.641284942193159e-05,5.7924970472991746e-05
2021-01-10 23:30:00,198,63,1727.5,1552.5,5.742008096231416e-05,6.027433432738148e-05
2021-01-10 23:45:00,192,51,1683.0,1766.5,5.8887378195905434e-05,5.25157083751228e-05
2021-01-11 00:00:00,173,61,1786.0,1468.0,5.5180016030911025e-05,6.462727016529749e-05
2021-01-11 00:15:00,208,73,1407.0,1150.0,6.974569311962089e-05,8.292749978132132e-05
2021-01-11 00:30:00,184,56,1524.0,1399.0,6.404379481760397e-05,6.666158768855706e-05
2021-01-11 00:45:00,155,47,1706.5,1616.5,5.604475191519381e-05,5.7259813357374326e-05
2021-01-11 01:00:00,209,55,1304.0,1388.5,7.640103598342573e-05,6.7683227726988e-05
2021-01-11 01:15:00,183,53,1407.0,1369.5,6.939906853556209e-05,6.83966281752812e-05
2021-01-11 01:30:00,178,64,1417.0,1170.5,6.809648889912461e-05,8.180345951943024e-05
2021-01-11 01:45:00,171,59,1435.5,1209.0,6.784066726652098e-05,7.783641160949869e-05
2021-01-11 02:00:00,177,61,1431.5,1221.0,6.863095969734134e-05,7.848980468905813e-05
2021-01-11 02:15:00,123,44,2024.5,1597.0,4.749216282784554e-05,5.85030920213749e-05
2021-01-11 02:30:00,180,71,1390.0,1021.0,7.192491039354913e-05,9.758149085276604e-05
2021-01-11 02:45:00,172,53,1397.0,1330.5,7.072827922208762e-05,7.461278778715365e-05
2021-01-11 03:00:00,206,69,1197.0,1114.5,8.220835588077074e-05,8.879474643952371e-05
2021-01-11 03:15:00,154,49,1565.5,1427.5,6.128114196214256e-05,6.688415391545297e-05
2021-01-11 03:30:00,155,49,1597.5,1412.0,6.0200393516378784e-05,6.819744412680826e-05
2021-01-11 03:45:00,143,47,1751.0,1459.0,5.420142538377831e-05,6.461378143219883e-05
2021-01-11 04:00:00,184,54,1481.0,1371.0,6.689967630009886e-05,6.941721675525932e-05
2021-01-11 04:15:00,172,54,1558.0,1332.5,6.42864003988747e-05,7.202881152460985e-05
2021-01-11 04:30:00,164,48,1580.5,1506.0,6.25879188524734e-05,6.323927369694157e-05
2021-01-11 04:45:00,186,59,1336.0,1167.0,7.31928738473598e-05,8.229006270781729e-05
2021-01-11 05:00:00,166,56,1576.0,1313.0,6.256206741251203e-05,7.320605937011415e-05
2021-01-11 05:15:00,191,50,1303.5,1390.0,7.394496790943252e-05,6.783754265285494e-05
2021-01-11 05:30:00,157,53,1579.0,1333.5,6.077199007365023e-05,7.035700204831801e-05
2021-01-11 05:45:00,174,48,1411.5,1447.0,6.865890610578917e-05,6.574576932822889e-05
2021-01-11 06:00:00,168,61,1587.0,1257.5,6.206375277347395e-05,7.616250831856906e-05
2021-01-11 06:15:00,183,54,1401.5,1313.0,6.932697899165236e-05,7.202170253969862e-05
2021-01-11 06:30:00,204,67,1288.0,1152.0,7.56837694672382e-05,8.396800192499778e-05
2021-01-11 06:45:00,189,63,1399.5,1204.0,6.845866581666842e-05,7.930912936200212e-05
2021-01-11 07:00:00,203,68,1430.5,1272.0,6.824040928109905e-05,7.445347861980769e-05
2021-01-11 07:15:00,189,58,1481.0,1423.0,6.407012050945577e-05,6.651810955532644e-05
2021-01-11 07:30:00,225,73,1403.5,1218.5,7.039012711205578e-05,7.791769756405796e-05
2021-01-11 07:45:00,212,68,1448.5,1314.5,6.610912558519829e-05,7.221228713304476e-05
2021-01-11 08:00:00,271,103,1234.0,1020.5,7.923450694939255e-05,9.737190395159766e-05
2021-01-11 08:15:00,285,81,1176.5,1207.0,8.402159797286839e-05,7.878695326960992e-05
2021-01-11 08:30:00,256,86,1339.5,1232.0,7.189799471999102e-05,7.839355203918949e-05
2021-01-11 08:45:00,285,98,1212.5,1095.5,7.786906521602519e-05,8.724146925316851e-05
2021-01-11 09:00:00,279,109,1383.0,1107.0,7.091636139587801e-05,8.502021765175721e-05
2021-01-11 09:15:00,290,95,1294.0,1167.5,7.454924697548564e-05,7.921789423827408e-05
2021-01-11 09:30:00,323,126,1200.0,934.0,8.185035525081432e-05,0.00010407494717783437
2021-01-11 09:45:00,346,110,1119.5,1067.5,8.671690064774516e-05,8.848881219858498e-05
2021-01-11 10:00:00,352,109,1272.0,1245.0,7.858667228085091e-05,7.712025878445737e-05
2021-01-11 10:15:00,391,109,1072.5,1148.0,9.049622947807052e-05,8.193905388206941e-05
2021-01-11 10:30:00,418,130,1029.5,1033.5,9.626986516000489e-05,9.35350043961452e-05
2021-01-11 10:45:00,388,112,1064.5,1147.5,8.966473017040228e-05,8.276084259404994e-05
2021-01-11 11:00:00,569,189,755.5,753.0,0.00012786519727307806,0.00013071371069251986
2021-01-11 11:15:00,778,223,535.0,618.0,0.00017713448765215522,0.0001616485542965171
2021-01-11 11:30:00,875,254,498.0,544.5,0.00019472718832188785,0.00017963034338391035
2021-01-11 11:45:00,817,194,527.0,712.5,0.00018146877315559315,0.0001380249483651514
2021-01-11 12:00:00,602,176,752.5,848.0,0.00013146960966410826,0.00011592721351816699
2021-01-11 12:15:00,393,133,1152.0,1055.5,8.74530468374486e-05,9.204547184723497e-05
2021-01-11 12:30:00,456,130,974.5,1047.5,0.00010325397193801592,9.051827981846209e-05
2021-01-11 12:45:00,386,102,1112.5,1315.5,8.839084692170861e-05,7.107885153300359e-05
2021-01-11 13:00:00,383,143,1140.5,985.0,8.652219192564964e-05,9.526290229423713e-05
2021-01-11 13:15:00,677,121,615.0,1121.0,0.00015765744785893268,8.513865991749291e-05
2021-01-11 13:30:00,982,138,399.0,997.5,0.00023023555535652866,9.716551300222425e-05
2021-01-11 13:45:00,1111,114,347.0,1144.0,0.0002666186705063595,8.28370979403355e-05
2021-01-11 14:00:00,1232,142,311.0,991.5,0.00029556123167466384,9.730939522210867e-05
2021-01-11 14:15:00,1143,118,343.0,1152.0,0.0002792377566580981,8.331709356085961e-05
2021-01-11 14:30:00,999,124,379.0,1088.0,0.00025017517270601393,8.920337073640259e-05
2021-01-11 14:45:00,924,109,385.0,1168.5,0.00023891680704752867,8.154922580606547e-05
2021-01-11 15:00:00,752,106,484.0,1215.0,0.000199107774761448,7.799043660665082e-05
2021-01-11 15:15:00,642,99,569.5,1246.0,0.00017321586311953678,7.630951756968832e-05
2021-01-11 15:30:00,616,99,584.5,1252.5,0.0001654148663925864,7.664158138677909e-05
2021-01-11 15:45:00,713,105,490.5,1187.5,0.00019261873134765844,8.113646690095787e-05
2021-01-11 16:00:00,708,141,491.0,892.0,0.00019310732321338225,0.00010770906635336824
2021-01-11 16:15:00,760,129,457.0,935.5,0.00020849965295781448,0.00010250591196887636
2021-01-11 16:30:00,651,125,525.0,988.0,0.00018030478987567832,9.785180070797736e-05
2021-01-11 16:45:00,585,97,591.0,1220.5,0.00016318246533279183,7.67006996368973e-05
2021-01-11 17:00:00,640,129,537.5,925.5,0.000178866878325806,0.00010229878859201974
2021-01-11 17:15:00,623,109,554.5,1073.0,0.0001747128525560939,8.875122948950945e-05
2021-01-11 17:30:00,577,101,603.5,1151.0,0.00016212947654377046,8.341096333881699e-05
2021-01-11 17:45:00,560,98,611.5,1172.5,0.00015737529483277892,8.157394428333127e-05
2021-01-11 18:00:00,531,93,640.5,1263.5,0.0001496527127020206,7.597170258303789e-05
2021-01-11 18:15:00,537,93,635.0,1214.0,0.00015393563541161732,7.893483801807354e-05
2021-01-11 18:30:00,571,123,592.0,926.5,0.00016398583805666154,0.00010410160316468874
2021-01-11 18:45:00,482,105,695.0,1054.0,0.00013869701349648552,9.041700321884533e-05
2021-01-11 19:00:00,490,101,713.0,1118.5,0.00014009121939685868,8.503580344100325e-05
2021-01-11 19:15:00,400,80,841.5,1321.0,0.00011639018178982495,7.081287873825611e-05
2021-01-11 19:30:00,471,100,733.5,1086.0,0.00013795850700190678,8.795345503159728e-05
2021-01-11 19:45:00,407,75,821.0,1387.5,0.00012135944042265288,6.755734267246037e-05
2021-01-11 20:00:00,404,99,840.5,1116.5,0.00011946470350279974,8.6217482292758e-05
2021-01-11 20:15:00,415,102,799.5,1050.5,0.00012503638106750337,9.198420757408787e-05
2021-01-11 20:30:00,396,80,851.5,1354.5,0.00011604834292636997,7.056061288948355e-05
2021-01-11 20:45:00,396,80,850.0,1323.0,0.00011521360777447458,7.208941249832167e-05
2021-01-11 21:00:00,390,83,851.0,1265.5,0.00011431951601220698,7.424130750570674e-05
2021-01-11 21:15:00,391,80,886.5,1331.0,0.00011341903867647234,7.099266379560502e-05
2021-01-11 21:30:00,410,83,833.5,1341.5,0.00011725357802153176,7.115533982247171e-05
2021-01-11 21:45:00,428,63,840.0,1786.0,0.0001185940180401452,5.247227714690738e-05
2021-01-11 22:00:00,366,88,979.5,1248.5,0.00010201524709848847,7.637821450300782e-05
2021-01-11 22:15:00,341,65,999.0,1536.0,9.849217434905626e-05,6.032941718070424e-05
2021-01-11 22:30:00,343,68,991.5,1469.5,9.926896941734323e-05,6.338068864982356e-05
2021-01-11 22:45:00,428,73,770.5,1323.5,0.00012777904495314568,7.046563304201103e-05
2021-01-11 23:00:00,399,69,806.0,1415.0,0.00012143712159325503,6.632376957392265e-05
2021-01-11 23:15:00,395,74,799.0,1247.0,0.00012230840233952748,7.447807476189661e-05
2021-01-11 23:30:00,317,64,980.5,1398.5,0.00010030480637217133,6.65366429768494e-05
2021-01-11 23:45:00,388,61,810.5,1481.5,0.00012417939185383189,6.354987519221233e-05
2021-01-12 00:00:00,343,65,889.5,1338.5,0.00011275991901010598,7.019643121343711e-05
2021-01-12 00:15:00,377,72,777.0,1161.5,0.0001282307255103974,8.180674746597919e-05
2021-01-12 00:30:00,364,64,765.5,1245.5,0.00012869266635648433,7.614578586615237e-05
2021-01-12 00:45:00,295,49,911.0,1521.0,0.00010915366319693688,6.127864776783146e-05
2021-01-12 01:00:00,293,61,960.5,1264.0,0.00010666387083551304,7.52373058630829e-05
2021-01-12 01:15:00,243,45,1135.0,1603.0,8.997257502620498e-05,5.77126551027606e-05
2021-01-12 01:30:00,309,66,820.5,1093.5,0.00012042581633309236,8.854187628285105e-05
2021-01-12 01:45:00,325,54,746.0,1271.0,0.00013168722945871685,7.492507492507493e-05
2021-01-12 02:00:00,272,52,899.5,1355.5,0.00010863209822897728,6.926139383227288e-05
2021-01-12 02:15:00,285,65,854.5,1072.5,0.00011486423853070502,8.942045912590813e-05
2021-01-12 02:30:00,290,58,824.0,1171.0,0.0001190984167713569,8.084018035722997e-05
2021-01-12 02:45:00,239,57,979.5,1151.0,9.960375210251434e-05,8.136591967042521e-05
2021-01-12 03:00:00,275,66,891.0,1137.0,0.00010876133886394627,8.393668121993062e-05
2021-01-12 03:15:00,275,58,872.5,1195.5,0.00010854866098319036,8.059977348684348e-05
2021-01-12 03:30:00,230,52,1024.0,1311.5,9.387402595494374e-05,7.277052793618584e-05
2021-01-12 03:45:00,219,52,1058.5,1291.5,9.154041195693338e-05,7.303432332294935e-05
2021-01-12 04:00:00,215,47,1135.0,1477.5,8.557404662551683e-05,6.401952731794957e-05
2021-01-12 04:15:00,192,36,1188.0,1754.0,8.19680529513622e-05,5.2849855029911546e-05
2021-01-12 04:30:00,231,63,1021.5,1032.0,9.87495992305226e-05,9.073652130579937e-05
2021-01-12 04:45:00,241,63,940.0,1022.5,0.00010511917286477224,9.182696301997018e-05
2021-01-12 05:00:00,213,56,1094.5,1227.0,8.947275344627625e-05,7.680775977824502e-05
2021-01-12 05:15:00,210,50,1061.5,1336.5,8.996835684363585e-05,7.046272873963318e-05
2021-01-12 05:30:00,215,56,1054.5,1263.0,8.96351723413374e-05,7.561610244901652e-05
2021-01-12 05:45:00,177,45,1337.0,1487.0,7.300260540936934e-05,6.258335755541059e-05
2021-01-12 06:00:00,217,58,1130.0,1291.0,8.41754106945441e-05,7.19262978666412e-05
2021-01-12 06:15:00,217,58,1110.0,1230.0,8.461170441115517e-05,7.732817812145857e-05
2021-01-12 06:30:00,209,49,1205.5,1513.0,7.841142210556803e-05,6.10981710449533e-05
2021-01-12 06:45:00,245,47,1038.0,1573.5,9.0582791192247e-05,5.894917452342101e-05
2021-01-12 07:00:00,236,67,1172.0,1292.0,8.246004880516787e-05,7.358860892267376e-05
2021-01-12 07:15:00,274,62,1004.0,1311.5,9.336867712600307e-05,6.854350577921252e-05
2021-01-12 07:30:00,291,71,1044.0,1264.5,9.201825439790338e-05,7.182432781027856e-05
2021-01-12 07:45:00,300,79,1007.0,1148.5,9.498230637935996e-05,8.259805382256474e-05
2021-01-12 08:00:00,293,94,1082.0,1076.5,8.748342144376906e-05,8.951954668825294e-05
2021-01-12 08:15:00,263,81,1231.0,1192.0,7.756181056987581e-05,7.936515712831386e-05
2021-01-12 08:30:00,279,69,1195.0,1478.5,7.883611892329641e-05,6.260206859009254e-05
2021-01-12 08:45:00,326,92,1049.5,1130.5,9.113535361216093e-05,8.341531305676321e-05
2021-01-12 09:00:00,395,134,938.5,904.5,0.0001023296444575933,0.00010467106337207986
2021-01-12 09:15:00,411,104,831.0,1049.0,0.00011439443870462076,9.06160146379716e-05
2021-01-12 09:30:00,377,95,994.0,1205.5,9.661253887245222e-05,7.80925684645768e-05
2021-01-12 09:45:00,377,104,996.5,1125.0,9.639564659872948e-05,8.486387508037588e-05
2021-01-12 10:00:00,379,112,1081.5,1163.5,9.035445887334428e-05,8.172193964105096e-05
2021-01-12 10:15:00,359,134,1071.5,909.5,8.877836518226272e-05,0.00010374375601946048
2021-01-12 10:30:00,350,122,1115.5,1044.0,8.582179765770245e-05,9.151711370026196e-05
2021-01-12 10:45:00,354,124,1109.0,1014.0,8.747909706744861e-05,9.467152036353864e-05
2021-01-12 11:00:00,422,139,970.5,960.5,9.94829245339508e-05,9.85925383180964e-05
2021-01-12 11:15:00,412,125,1015.5,1020.0,9.657863164956773e-05,9.284520031166276e-05
2021-01-12 11:30:00,367,129,1117.0,1004.0,8.562566698194955e-05,9.43880108202318e-05
2021-01-12 11:45:00,415,149,1011.5,900.5,9.668946907230066e-05,0.000107105401059409
2021-01-12 12:00:00,418,136,1007.0,1019.5,9.571895814722905e-05,9.293280206748152e-05
2021-01-12 12:15:00,407,128,1036.5,1038.5,9.42025614301384e-05,9.060272756680003e-05
2021-01-12 12:30:00,427,146,993.0,932.5,9.773607095043636e-05,0.0001011640798226164
2021-01-12 12:45:00,388,129,1074.0,1054.0,9.031949590547741e-05,9.058397169285996e-05
2021-01-12 13:00:00,383,128,1071.5,1074.5,9.009483716593164e-05,8.781655122449204e-05
