279066631451502998554337906829144231884,0.077362060546875,['No query; returned instructions']
298590120374138634617624944683889679291,130.0455093383789,[]
55445194088160695067850792804034094233,40.954041481018066,[]
197338846547304534077144976905233347952,43.40144634246826,[]
295236540062982407001841493131680952819,49.975833892822266,[]
109311634961516597452925572095824328092,47.69451141357422,[]
317346623688208272187569432306575124828,49.1044807434082,[]
185819971814589237209212171434286384316,82.87698268890381,[]
186920714650461338038633003101056851461,97.32779502868652,[]
82097853612103144008989143390191192543,95.91635227203369,[]
77943665569312577668126634877739125175,132.83512115478516,[]
209610002377435050431137446541883876862,123.08534145355225,[]
295152417355608703132292324768693223049,213.55586528778076,[]
207404091167067962299947010124213915126,38.7756872177124,[]
80504564698100058901675586134444315077,48.25989246368408,[]
206657578973688449982045241708539790190,82.86323547363281,[]
191127811435296665039624075274165821357,59.47950839996338,[]
78405108159538281696708458030271535510,54.553871154785156,[]
281142890649098621684541951725426271481,69.51167106628418,[]
148556195532472881045860163774626448781,30.140762329101562,[]
83824433143973469223115043133663419601,36.12138748168945,[]
93942676287055426425001506740503480051,47.46206760406494,[]
35559175849240098225528072817437218580,48.87472629547119,[]
83218297351650491749819679648457462004,43.40610980987549,[]
335672168571800748630495815430117761602,63.19102764129639,[]
3963289946989835386834660186427915332,27.45769500732422,[]
330032096972175387936918069982273061027,31.362791061401367,[]
246723369804737891153078407960546511362,39.646339416503906,[]
192650760148969837135982111644616808950,40.662245750427246,[]
189213628466347460478290831073780266801,36.72542095184326,[]
310611996654138511449646306614804800409,38.45847129821777,[]
93707815339660399135619259589527922199,22.79289722442627,[]
246786133040309621028707489436012324745,31.18414878845215,[]
255893997836559340525900617809137248984,39.672889709472656,[]
112194985606370033417700231724134773780,37.19123840332031,[]
198522344506825678600024217765263875485,18.68030548095703,[]
30993593929252956682397779507219066988,45.7987117767334,[]
267739366513199919594165617883680261402,24.948291778564453,[]
269723460234586262360558234981316842670,29.087190628051758,[]
57484535850919732126672533140544788915,46.08881950378418,[]
252275078157987833394703541728387603458,18.757038116455078,[]
197017466903942826386420093512703069357,20.308356285095215,[]
127272128709170290868833868670963878053,19.53702449798584,[]
104006814810362898365314811155131309733,25.65999984741211,[]
115433617442612743031137722556941759126,28.9451265335083,[]
53275048742959023387615331987710428484,39.66170310974121,[]
194776427550902875777326836223617615987,36.50078773498535,[]
193903186061069618713062935836446870609,19.571328163146973,[]
282193369517757196580975158202986463682,19.31422233581543,[]
42361347250008176252521103027843990226,26.90342903137207,[]
249353781580812427074259896968492201798,28.852829933166504,[]
328150486935039472956321784942775412893,39.918293952941895,[]
271276041229629455820608944104069516969,19.120073318481445,[]
87513213458124489279930974095063936246,18.988895416259766,[]
248428334137422411671499554622561447705,21.661992073059082,[]
187082189547482604880597980451852832464,21.797990798950195,[]
225195990280008732313555876800612128716,29.033260345458984,[]
112163800237067904492983021220372232235,35.07044792175293,[]
154674904466740310813964293078054420639,18.840737342834473,[]
206113075173222349665724122194181763923,19.67446804046631,[]
249880732906341792490090879659975687833,21.178979873657227,[]
199442685942660763748389689519727414332,26.418843269348145,[]
335131858642386931376277135268461997842,29.813575744628906,[]
94913096482069993738076098913891405927,37.45346546173096,[]
290237054172658915721918150067781132566,38.65601062774658,[]
131646602603586012669148678063559183077,32.44152545928955,[]
106637899161068075388852959915842346235,44.06325817108154,[]
288877447160469785896678821183349614363,24.22983169555664,[]
109497612650038873263293851803530479879,29.601001739501953,[]
33904918165161179577107959535324216138,38.02481174468994,[]
136959271376272305843128691408375677479,37.39181041717529,[]
94352039965239199938210815124874809519,34.6091365814209,[]
113605466061626388247981710145138882581,37.80989170074463,[]
190684735932176736148717962393673989042,22.387876510620117,[]
162395742381839004270294533772545323808,28.621516227722168,[]
310623056512711345751648706426625052092,37.65156269073486,[]
230239735177249674221749768717608970951,37.651634216308594,[]
312986229857417417047057943854616857179,20.10219097137451,[]
142017560491250574737479441230700104608,19.803528785705566,[]
271554640849842667743897730414038019807,25.45576572418213,[]
298529521569912220251443214755251693507,29.89943504333496,[]
324498409552083042520805715653982340634,38.65309238433838,[]
196547193423247519645807554675621423490,38.662519454956055,[]
3944401166094952534223315874063439445,32.37370491027832,[]
280049713166235366488138636350821159400,34.68249320983887,[]
213140748803920890705607232820224451846,22.463507652282715,[]
97674818114589012357823002676496979823,29.69703197479248,[]
244357362979921870720801671525898027700,36.61497116088867,[]
139680203805010416972436915047681330078,19.286670684814453,[]
210732137372845679938281397396053865414,19.808220863342285,[]
69119585173287693262513121718883268579,24.903287887573242,[]
310738360305820838667175154555087823728,29.277548789978027,[]
180873825320404230735683503695182383375,45.997323989868164,[]
279109656535195629890655542591418590963,31.318359375,[]
168706781673978304981443403660141495792,40.383567810058594,[]
224297172038290843651215190455663691645,50.00704765319824,[]
88051527016176398607007563284571886418,37.30300426483154,[]
279349381816395077729595651531723232046,26.035094261169434,[]
195539700338160779385389178258536562288,31.76370620727539,[]
165310267631048055963582210317837957176,37.64174938201904,[]
260877169859421181749380716624631931420,20.383715629577637,[]
42281046237610214482273144380965018667,20.63767433166504,[]
101662926002731126960967234587795614076,41.53189659118652,[]
231951755327034336015171752528696421312,21.63771629333496,[]
277129240524484283529861068505268317925,32.258405685424805,[]
70045370490821242108109947718582791090,37.4996280670166,[]
17895492046653008822996322843796106363,35.85070610046387,[]
87529701396679924229742034031083828325,18.308072090148926,[]
264544612042758763456054668419388811891,20.416088104248047,[]
298348668056084953711176050603912575469,25.804853439331055,[]
287024320636943148324084371147699321137,29.602832794189453,[]
246180564325349094455232447289015236943,38.27535152435303,[]
185480935524629038275763579854596802522,38.46585273742676,[]
75360706966482573872563988338385980551,38.195528984069824,[]
102497679649393423765538368409026952449,18.286972045898438,[]
13922320242112783872016667032772420006,23.78232479095459,[]
67995840867819722739990811630906159225,29.07736301422119,[]
9430070177393386173367864686928626642,40.75140953063965,[]
189655281662264874849214579864167035918,34.59762096405029,[]
153825273094688568639297273020581195179,19.2039155960083,[]
214205457922953292683262107396602707502,19.418964385986328,[]
74576317207429343939728574070710129731,21.855754852294922,[]
296133547380196840115830138759702739205,29.991116523742676,[]
135059201024103325206865671914922898278,36.350555419921875,[]
112165620899270552508011316773728947933,19.247159957885742,[]
309060542544488765966394909787004798821,18.99763584136963,[]
226699176884736260599457432121779082250,20.94250202178955,[]
91681761139501558924590533970862455007,23.83051872253418,[]
203235853983014109269609316463104297017,30.1906156539917,[]
56047078807393147425104159043272650915,42.03483581542969,[]
171342556644091274655111305823645312827,55.25115966796875,[]
104361332640066248803100116967972533655,20.737452507019043,[]
91241453953692570238792812116391118651,22.417702674865723,[]
195522836010404185483227230515029647170,23.567605018615723,[]
78649380412674619516998008985255763219,29.967126846313477,[]
91915151012215249725775524798798524345,37.19391345977783,[]
132114247739992270554651889358488663047,36.648902893066406,[]
143976964671059107996263849341405372941,34.142961502075195,[]
100368445474910045727214166288900142979,35.66070556640625,[]
285874523869970452468700664528303774818,23.163013458251953,[]
333068977262770935089021821513909047840,28.746843338012695,[]
212818801891763398528738293590602633320,37.774901390075684,[]
271794168577454006473221262877241704486,37.33506202697754,[]
123398957546693838180018017522927370939,37.823967933654785,[]
168902857830915091247909158576150266252,19.289274215698242,[]
269245970995556653263594214101328708901,21.724119186401367,[]
202988285235222796212458338614925061625,28.521451950073242,[]
6488383295164848584206707710587201412,36.88302040100098,[]
87877072054438822247852023877033260685,37.655296325683594,[]
196186619620612730145583672575040217382,31.126255989074707,[]
153465469188160353781266669527035379524,32.34187602996826,[]
125730442877442416361408165653403284225,24.575657844543457,[]
189414396277747710743142539293374769918,29.016823768615723,[]
81360411026006621436568851172163116495,37.821478843688965,[]
320484498558171577664770147886783487838,38.928165435791016,[]
241393329799405527068549403145735139963,34.79297161102295,[]
266077872103070796410151828754479388811,26.372909545898438,[]
206664614667421703487411538216795398177,21.59736156463623,[]
271331775521873929273139942889714150227,28.46327304840088,[]
190420219368700127400746272909530091715,36.92965507507324,[]
163985915796897975979597441160296048345,36.983885765075684,[]
118873608438646368133828247249057059952,34.20201301574707,[]
58866712991895331840519762795224552122,18.58077049255371,[]
265381650272578987695120424975502914304,26.81784152984619,[]
43162202995307117073878639369378303871,30.361647605895996,[]
204202729406232187137741187685787088633,37.56847858428955,[]
13281426815274877207508054261761420345,37.237114906311035,[]
114044891539143426262049873781471722931,38.1588077545166,[]
194609642891996105544707773902144948191,17.69545555114746,[]
255622194164402283946789584320028769476,28.53691577911377,[]
107124717642168782745491875342210828373,29.251041412353516,[]
293172293595552629942321494089279708988,36.96460247039795,[]
182584507642843570184945517930948766363,32.97700881958008,[]
98783392746231724675042696273009877722,27.962279319763184,[]
28661916601133366733985924390827443310,29.497103691101074,[]
304471409433571368702136012796310074334,25.929408073425293,[]
243797589959986255725677815269639167589,30.009984970092773,[]
168502598742351386250857475308181335112,38.83612632751465,[]
102899963085860846287795311936613568286,20.00328540802002,[]
127839228515678354429453024228060932131,19.896869659423828,[]
158372114361217781832437350444650259578,22.00540065765381,[]
51676428287321625143570880525014541364,28.702125549316406,[]
184756316678586445772155966139638322762,29.851584434509277,[]
238056115563886842798941265578387317957,38.578248023986816,[]
228249686356957182361444289589876587514,38.81016254425049,[]
128216954482707055467122390851307094762,36.22012138366699,[]
116254043718682551647483751078530803438,40.35949230194092,[]
73976739428386312187465216606810645765,22.089085578918457,[]
123542391647117020055014686473261154920,29.32107925415039,[]
165451994565461055721178072921129042478,40.63755512237549,[]
200674026427426685483346506291316942581,37.98201084136963,[]
213325324938520791532831751502233027650,18.047103881835938,[]
29754750269464794711080226159973795392,20.62643051147461,[]
100586190519917951646700449815767221911,22.465453147888184,[]
57529263110875465933279593549810486541,29.761762619018555,[]
260197238498928965845204805506684658694,42.43952751159668,[]
220089267777270902119493835477006038607,39.1864013671875,[]
112522485387380239975884433815262681370,18.423686027526855,[]
215271763115447646570088390434749008437,24.825639724731445,[]
55566754996278061264621024611847098019,22.88884162902832,[]
102326488060643641950041810904532922550,38.462347984313965,[]
113897432325194325781697316544753210735,29.29955005645752,[]
281545538076131547207825667757683215224,38.10885429382324,[]
62585683470847167204879932177780114929,37.152228355407715,[]
177921142172838987711651580939765088435,18.328886032104492,[]
17631387271333444344425903985912692078,141.2632942199707,[]
253607799381259111049089434012461527274,38.259315490722656,[]
67983234132006790982141324401338942067,26.665849685668945,[]
185126440832570247585975668171299659661,30.359373092651367,[]
120778659430729414907541433334484404450,39.76013660430908,[]
15788512929836153951933655817584515508,39.7395658493042,[]
118990577665421844763624064240877656686,36.00464344024658,[]
257745238816309479520654224551816725583,45.362420082092285,[]
109729512852458889041223475063746802925,22.480416297912598,[]
131706238585787972405824210233453236706,29.535255432128906,[]
267372753421698582609672182957845162488,38.356361389160156,[]
90385709901419290095373753446691769544,38.11291694641113,[]
179905598338857709348114666731363237010,35.407118797302246,[]
169283129390876024042565902067061997126,36.96082592010498,[]
191468772058681926885305104481940097,22.073779106140137,[]
129314136157949486703393512512526142134,36.61233901977539,[]
312125054188730754578244068934278089300,36.05021953582764,[]
266415327320556458238912860777166853897,19.83248233795166,[]
80871965969445196065131704765635298137,19.5100736618042,[]
150825910392822874638186521094864123179,21.09994411468506,[]
53827387692908438019029067295242612343,22.211523056030273,[]
281640412578480897538233098154034958999,29.336256980895996,[]
308481856624431224798169449989748274285,38.38784694671631,[]
304627578647354429960463573035957440671,35.370612144470215,[]
173471796102415866023554457220749250660,19.33304786682129,[]
94728021943736138626562334819620540205,21.546506881713867,[]
203864243343888608030690301194782510377,25.85437774658203,[]
279417978829067891471500080162817420438,30.045218467712402,[]
205871103888100845993915609016162542900,42.74531364440918,[]
307933060192579506595261165745748563500,39.08939838409424,[]
157246865095905341699295596440144784230,41.38622760772705,[]
143525044793844788031536956954567724185,36.8203067779541,[]
274971018699640023236968900299974437372,24.114890098571777,[]
10285097207174823862600301422141740295,30.45318603515625,[]
137079461185149906282992493699014488517,38.68889808654785,[]
138851323094140208422416272883141045394,19.723834991455078,[]
120712472312344188003722576957504532343,23.03727149963379,[]
47243987565314262538616249218744319645,25.989103317260742,[]
33798252522802038668554772287263780370,22.157464027404785,[]
57033148974620045384841560914824017436,29.187698364257812,[]
215205807015656372291466747932995055573,38.741326332092285,[]
128180497783531108925763421877559339666,43.134212493896484,[]
304694099420012774876758143651681709213,17.872824668884277,[]
186465060815272012606993855417622730989,20.050692558288574,[]
71543140145926124069600305434602978172,137.70910263061523,[]
146867492931841693949444485968030802421,39.12953853607178,[]
166305515245485175288088358996559676593,38.88547897338867,[]
131267681725479814621130781684911315868,39.15315628051758,[]
170448171386423527194530138799487459317,36.46608352661133,[]
72289718693340266942369822838629760250,38.15935134887695,[]
61505674151310887371615372776110875175,38.9339017868042,[]
297594002771816141604770651214141880451,38.3876895904541,[]
111124785795486202624747686054936075222,41.476707458496094,[]
312452673266910817221332026778104250475,37.95176982879639,[]
47669945452614752651586509869438703761,38.03502559661865,[]
252288135088083922873089809183808680762,39.40042018890381,[]
182882732708734040515023688002573962096,30.72810173034668,[]
62660967082323317792047031108426525801,39.45216178894043,[]
320584572139128088430203823318618545095,21.220808029174805,[]
322689600332590967734125137051028989956,13.41104507446289,[]
236867277303148534966675942833467738964,48.366522789001465,[]
131447394543118537398426132516139549216,37.54712104797363,[]
181444115466857253268568806477219743491,18.196964263916016,[]
282621588995727960219196669903330590570,20.675039291381836,[]
180593972556678867048207995967417405219,21.65712833404541,[]
295653578838331961686296317343999384554,18.742032051086426,[]
313233966629243481141520843936756930289,12.002663612365723,[]
186080733851827121337165107900021933915,20.5794095993042,[]
66919109680672942631479795223530985787,35.334248542785645,[]
305546300330530138493196652690583509255,38.41262340545654,[]
22803217345207119803491979236261544427,42.37167835235596,[]
145750836683540407592812150825590733909,39.06859874725342,[]
205343609476517267958557101786987203601,42.45366096496582,[]
145629534920915360024780719048350610598,39.47824001312256,[]
286374661920649771511926646069642368468,40.028486251831055,[]
115682998193706946799067714283367807469,40.31008243560791,[]
262956464998248845921561299587990303994,41.42207622528076,[]
38062862827735690810083968116356816611,40.3875732421875,[]
46411352409643417878316782137031709156,38.01877498626709,[]
168111353704794113455680543180364390603,38.38212490081787,[]
56681639222825240809821894245691450578,38.33815097808838,[]
291148167987690040045956706760200521388,35.4296350479126,[]
73698120021090614126489519992212037934,35.802927017211914,[]
176255769686242315744709947363877633276,41.415767669677734,[]
234508530326989298953107218241525475814,42.4680233001709,[]
241087377354657204436006855677409173447,38.85047435760498,[]
162056257952862539033912794466370613067,38.139567375183105,[]
322107583956325679001267856776551611426,39.056782722473145,[]
74242096547135136404178166007394800992,42.16843128204346,[]
82640054128993571678956189646119130956,43.57697010040283,[]
313808698922623393927029244477125409249,37.624268531799316,[]
38618061170328100247395789561051864189,25.381107330322266,[]
5803003724019896185330280976453824791,33.59348773956299,[]
120314022317779225628593423456273388630,44.08780574798584,[]
272213285209392441066977821226143135805,44.13551330566406,[]
8903070099915050384979699357767204028,41.44313335418701,[]
16495980467456295054526785864571035918,71.2727165222168,[]
284920618277700051149551376807935757063,24.214138984680176,[]
93049647338122420407679606322642085153,30.576167106628418,[]
73975583918713424927508483285289073955,38.53713512420654,[]
328200806670131637171267765690507124997,43.923654556274414,[]
333966977813356104466506803682853207993,18.059678077697754,[]
336538183853844163409887439330570037419,21.349010467529297,[]
317094681064592124978299574539324562885,22.899785041809082,[]
81863977690214802189193514829869088870,29.850926399230957,[]
37635131535463296929677121108843119994,39.79747295379639,[]
254231361035465515788067866012524646138,38.43512535095215,[]
1245644955825470090953954092089734322,18.508501052856445,[]
323742651773462584966567682179169571727,25.435609817504883,[]
59451464131986934449813148224005870688,23.39125156402588,[]
3211020779712757177789503689645201792,30.893912315368652,[]
42867703847438915553293953178572473695,40.31074047088623,[]
79018460595792927747349560056496305147,37.677268981933594,[]
313587490168700591005287874458347991383,20.84385395050049,[]
145042415293009597464699725880866472159,21.93145751953125,[]
286425954222188417625035917819103671943,26.575183868408203,[]
261408680367558017164059205149326006665,31.44594669342041,[]
105742176420963928080252466330777795489,41.34232521057129,[]
105512954731004606863409880552163478726,40.65665245056152,[]
141815762540204773125990443197492480617,37.345805168151855,[]
35067053190540943097373793517538700109,43.41075897216797,[]
168530926798186414813886137104238902408,75.27309894561768,[]
2364368978577676186612428131730964258,33.19182872772217,[]
135608507609848362762535111894891177111,40.23417949676514,[]
313342838709460736807105153598314758997,40.98515510559082,[]
303859933827923576657752560125036153582,38.890886306762695,[]
329442656276641969591906055986329085214,59.20868396759033,[]
245287491931690174672641031406806125315,23.12058448791504,[]
20831529412449398319481524774990916545,29.399099349975586,[]
103114470714773108246251433162021448174,39.05054569244385,[]
117917760741381439001209536851468083708,19.57111358642578,[]
147422250335955249591500970983017576447,18.771743774414062,[]
159247793009204222050572476123799089588,21.1907958984375,[]
332521620326097049565373326954262515103,23.04323673248291,[]
288285423837446620018006560123540158787,29.499378204345703,[]
334182451302307779547240667232532965600,38.99876117706299,[]
231356112466926308456829307537116854419,38.423709869384766,[]
278424839030758877383514915320892610467,35.214643478393555,[]
49887680530604632687380511187239750874,34.82673168182373,[]
329522024993866109480151497697794692962,22.143373489379883,[]
285316221827140412866585605383503627,36.38412952423096,[]
76912373107382020959604849287856821018,34.57240104675293,[]
109529853631054656713275714942209533260,31.87211036682129,[]
237363489701262142290680186470833199043,28.97852897644043,[]
120133365574980633238199717009469300421,31.3716459274292,[]
11457337237473884824284468611619198827,25.24313449859619,[]
168598814637685784215428941288055211613,29.741363525390625,[]
236477703303846944513195420479345526160,38.27134609222412,[]
241178512833563483659551597402721370989,20.20766258239746,[]
196802802033556208353819987784858667747,40.02689838409424,[]
115955101709079841879104463954595070576,21.088671684265137,[]
334400125328841468705356675144342395601,22.998361587524414,[]
338034084914419018872001660940384161680,30.021886825561523,[]
93602255673459438327166820199802084220,42.01157569885254,[]
214310221331058970229494509537013744943,36.7974328994751,[]
257742202961993131614818574788879434856,17.987923622131348,[]
57586779582371539674351846975130711396,20.5830717086792,[]
203779919431251580640777117240085967909,22.29081630706787,[]
271300151772969472580320394538246617782,37.65120506286621,[]
193633801882789297849033185135669768348,15.795621871948242,[]
46697476690485197959388100947869534478,21.267871856689453,[]
216254092426729611279751920464545428789,20.74946880340576,[]
30121530151712755935726338794712969869,33.62560272216797,[]
170473246030207799348043467786377061633,21.945204734802246,[]
120904934139029981884841716892660191967,30.47504425048828,[]
140339257951999488314681261986170124160,38.06051731109619,[]
39327623648621058757513675448635668577,42.945899963378906,[]
204353800604693063898001860133955178136,18.059349060058594,[]
40576404072015867368992299475735469160,19.95915412902832,[]
167355029647708079766946839305860519643,21.809234619140625,[]
75207577919973550674155494140084282803,29.126529693603516,[]
34539393340164562167897030047137218438,38.713932037353516,[]
177855715027381637098306698738019977032,38.08144569396973,[]
24323846900962533867068354686733539474,33.77559185028076,[]
231311497592304068687604777426669167374,18.663182258605957,[]
70281139198252691718902204684571477514,22.32443332672119,[]
326293044405579249318339587763339207316,29.617366790771484,[]
123538173007503016650471956239446074724,39.11639213562012,[]
56594825052777937532979110974001688766,38.80143642425537,[]
332736848083445632433489511908128490599,36.489386558532715,[]
162839755301003604075726120016670777043,22.310028076171875,[]
50407427794443470095825766905174130311,21.80002212524414,[]
49424125778415080780509051204325978340,29.109349250793457,[]
195353526763929213127764786373373450925,37.886738777160645,[]
149258487750873670522015732143058937161,37.70314693450928,[]
82170957019785045767683748235963596332,34.92197513580322,[]
271958238251615176025663123295322765935,37.52424716949463,[]
117506872163545994694630557587628448075,22.494935989379883,[]
174570480735693268605003108966440141857,29.60214614868164,[]
45749097401315485348255612039776368906,37.58465766906738,[]
33195664967788370546488797945410026940,34.155964851379395,[]
272449549577354166314360548941230296051,31.53109073638916,[]
297359373289386684024221830735706063845,37.48669624328613,[]
336567493878367341246566846107742201441,23.60823154449463,[]
14137489306725755616175032789329397532,30.008468627929688,[]
247176240845776684793694532440887395452,38.450632095336914,[]
216554016700619819548059792417138627813,38.73318672180176,[]
44704095259699705843427540097668241313,39.060516357421875,[]
272507196061052343903667690078798814585,31.848721504211426,[]
284893955116793801665560383183560187313,25.0942325592041,[]
331695697916723364978663067093537985054,38.219332695007324,[]
25248274330855922186595321625794041571,41.28288745880127,[]
40580732251375620696927826608879395722,42.17478275299072,[]
227877235995927653580206677537877358637,16.721820831298828,[]
190996042117461030918448485465205742011,56.58229351043701,[]
74293328384601958338587443965131299238,25.119380950927734,[]
3637353921092332043506477981341926975,38.52713584899902,[]
3447522324336939305921853190353646549,38.59467029571533,[]
182930925492034404453085288508033294317,35.65821647644043,[]
97424612351540155218445507915121130196,19.6213960647583,[]
233707210247788974855556430705563652943,15.413188934326172,[]
211045391769552681465567554741611508255,0.08236885070800781,['No query; returned instructions']
162800704765441223288983160577486743979,124.9455213546753,[]
162681679045592524845178572097073864506,0.034689903259277344,['No query; returned instructions']
338956402756787552644985476557544212288,45.04061222076416,[]
215619558052876244893976283695699498109,67.21685886383057,[]
199518211909748167617716574887360348830,109.44648742675781,[]
323812096578426886251307657722963567779,73.31727504730225,[]
202331697888852667477040969395274396343,109.4725227355957,[]
209190713099173798673520864418896083011,96.66350841522217,[]
151379044146245625749564816166506649231,242.114839553833,[]
212968994804246622305835937753424872384,23.20042133331299,[]
134455452112664741550268529854329810118,30.72509765625,[]
165092558086196441615041785973889099519,39.81651306152344,[]
145897546659142293046897362946056951023,39.96685981750488,[]
119158751330137773778999849811468475753,38.61777305603027,[]
322623325825404672781488525944432129273,19.469690322875977,[]
247241404198681729632720893235811291194,39.94980812072754,[]
322938827180024861305647476793064958241,30.626049041748047,[]
20163457235202126657625418779864378838,22.809062004089355,[]
318370068361110000402950471958456810191,38.78499984741211,[]
54746813160814029301322330862518554337,39.448442459106445,[]
39561992710099212393498973532155584990,19.371557235717773,[]
62726132915314274536212569553348436776,41.20488166809082,[]
132105956030260573025779755504158422284,39.52749252319336,[]
103539595360993579073475033899648571816,30.40147304534912,[]
282284031705509097404391278370236232346,22.68742561340332,[]
271654585152585498458787758977017081292,36.58945083618164,[]
240659152013259570139025974459455932984,34.90433692932129,[]
191299147421807038382077392110088737747,69.91820812225342,[]
114548012143559597322945375309435679558,40.1381778717041,[]
103915892547447602972648942471007291425,39.532227516174316,[]
52824712542655358751818680390382401987,23.240690231323242,[]
71143880721668506830505117571877778328,30.58048725128174,[]
295634431269674498131258600998802217243,40.016398429870605,[]
131780813261050937681365378104990490210,39.201622009277344,[]
278211947623514141960777119649735015361,21.935033798217773,[]
19424676140027674928707413975100449635,23.467469215393066,[]
50506176155734127587167770902097588503,22.915019989013672,[]
198536689502286129623814988470547210310,30.686416625976562,[]
311532186008634780037786777821138215148,39.846224784851074,[]
49938220697161468753353660628184818693,39.70454692840576,[]
104829574678159442861992452409509719094,37.821993827819824,[]
263273691585061732462961219949865233452,39.51584815979004,[]
326370461543226292859798743266863646177,23.040218353271484,[]
176136586444276915786645714163632231483,30.533924102783203,[]
298485044413313443488685071395216216427,39.675936698913574,[]
134249180278902333896475213828941741883,39.60637092590332,[]
339682435388889989619930577369523433014,36.31864070892334,[]
104047829622551593228003816380391396016,37.89708137512207,[]
305517091154066961406990867155322174699,175.82788467407227,[]
93236417150737048880282200864031094071,38.373398780822754,[]
102841305326463831303981524966207339361,175.52324295043945,[]
320321710261929483139819072681169560295,173.71705055236816,[]
179104513069321675593767995532588266646,169.6605348587036,[]
256958139037235247004590626980190914308,44.87648963928223,[]
238443738774019181468100104677278618149,54.79093551635742,[]
12014376793712869397916277050371651006,41.84831142425537,[]
61382487354014593353661262648737366809,49.53745365142822,[]
56442272211486680465583621018182123940,46.75320625305176,[]
127077831243505653812887654946867695453,51.72550678253174,[]
155397464445171468581644222571461432157,71.62851333618164,[]
339145171024838510864871362362454427489,83.99421215057373,[]
79524106198577440225927450170396942990,76.39334678649902,[]
301416513501712253814997916899714491783,80.76413154602051,[]
58785880818804887137331460909293660065,131.3811492919922,[]
19486674965744523626232568603978482850,24.945802688598633,[]
5065628494153882653735544019502800172,31.45648956298828,[]
212610361706073058198403779088263021279,40.22634029388428,[]
77049400764801589223490051526361649826,38.039560317993164,[]
125775455817322726580096951546880399967,40.581064224243164,[]
280709076430097010354800305823538952356,39.58854675292969,[]
289933721744261487750960602591945765873,22.850232124328613,[]
155790389257126197320714415016408071027,30.485401153564453,[]
63634001591570093892425802090328891214,46.5937614440918,[]
43526848510167625416570991025716110752,39.94776248931885,[]
50478688512410566113386106939232178635,36.77062511444092,[]
253213763772633081099826022139597975789,39.11036968231201,[]
192530991224416350300086435826402463479,25.857810974121094,[]
97146382365449652804533992448929267038,34.669647216796875,[]
5918854238973650067379784582448342944,40.81120491027832,[]
33451509054422437610892785572976975339,43.0336332321167,[]
236788801589462964126242114469684682667,39.1267204284668,[]
39135880115820566063921762214135725240,53.92855167388916,[]
61725521526439482118163559498282080503,24.461874961853027,[]
25892047131871469082202475754944632828,31.876602172851562,[]
56621627979787509082306054307926699585,39.90413188934326,[]
147025964381992618468929806768600318290,24.763097763061523,[]
290604022984319185956375320711095525656,38.867197036743164,[]
51241233523976106030944752266142711341,42.38841533660889,[]
163973370038759388686375252233272844108,23.783326148986816,[]
141054415600033747066714116486062605795,42.30457305908203,[]
71392320745233232973613971475605636505,32.728257179260254,[]
159197979290017995279896827939797973899,41.659584045410156,[]
186766291683374682314530485722408141167,39.79591369628906,[]
24038604738286914930794734223807082218,34.67974662780762,[]
4754928559808483020789028781577796869,24.821205139160156,[]
198202798493142941195116852530191662971,32.47096538543701,[]
131218455118465497399625827660087158449,41.10278606414795,[]
286752729163139595829979384339553137182,41.188974380493164,[]
39826295638586882510432247715088339813,42.11799144744873,[]
246797436804013837562326234449054110432,21.38251304626465,[]
313968986240425465546941144661895650977,24.047698974609375,[]
102064734292243818504413300123148403265,31.955037117004395,[]
27169048637315062333679144186096612195,42.42942810058594,[]
231833666884743009485868269341520327799,41.83125972747803,[]
308108644014279278207229847036480877130,38.01823139190674,[]
268365068888918748001453444392690906383,40.451202392578125,[]
2889667268370667810056548652457961477,23.868727684020996,[]
168642144713649889824357424856810965871,31.72646999359131,[]
241949571894768301414169371076850018698,41.19070529937744,[]
339549287504625586974050545593472715815,37.89266109466553,[]
285481867657594369638447436724570856656,21.990437507629395,[]
290212805074082841831746979630706737027,28.659210205078125,[]
219653168207234309086828279535522670472,23.92385959625244,[]
84400427231840729221369625560702833296,31.885986328125,[]
191432095372156833550115642770915040657,41.27486228942871,[]
330772280144148350145175061892690205605,37.906622886657715,[]
7457338618127771547620387186497712105,20.01438617706299,[]
225015317201331558790594897894408728817,24.987459182739258,[]
9596400371743935133213281203119788777,23.94169807434082,[]
23483082540603016276493689036451417323,31.752290725708008,[]
49102453503767859982123482826304954622,38.12377452850342,[]
58354381019025496349087300598156293814,21.79581642150879,[]
234909179712142474486808560168506735148,24.733400344848633,[]
70237129979300378854360497853369652369,26.40010356903076,[]
46795903071236241832845746924567130077,26.198272705078125,[]
44437213973957684796497120911266244619,31.776123046875,[]
86045563477894593311854698624297754120,42.31009483337402,[]
193833065994499198822993087337863773128,39.05453681945801,[]
258024625337535711879838952845588301966,41.41469478607178,[]
146339954878207695589511311403258965873,40.57745933532715,[]
188057031707285164404428480622333475122,23.94202709197998,[]
318661564449635127816083525858821516526,32.31950283050537,[]
245460108234957071890946973819932682780,41.55014991760254,[]
327053611639063142888022077684705173004,22.05648422241211,[]
140538687673158966572716525429766874611,22.53108501434326,[]
17804322467555615141927252703928924826,25.180320739746094,[]
95240450852609783543392727457655777427,23.782367706298828,[]
225584088586534775712791868507634960442,33.79561901092529,[]
140329977235567618433665006960231455294,38.36916446685791,[]
121568929739784915119098463749170841037,20.99128246307373,[]
214619754097859106642292814074943554133,23.051376342773438,[]
186522833471119807828205991133773592186,25.35831928253174,[]
186382048498497516666583040500407556041,24.118952751159668,[]
151697094335909779129076705298147247828,31.93333625793457,[]
181651199082834823353837337651162322850,42.172393798828125,[]
197204100125041284252674122696320630081,41.10271453857422,[]
87898298333649886648839314992422575144,38.93177032470703,[]
207270024623588740534895267832983373155,38.39850425720215,[]
226493672179173397887263727598401327609,23.87432098388672,[]
66010783322969751509303677681113381453,31.59243106842041,[]
288285031662384604411643674103394501442,44.25819396972656,[]
119067455482295215150401175034678067058,37.118682861328125,[]
146875690086203301804029654691790976082,35.69098949432373,[]
179011301939109134457870101552302798396,35.100674629211426,[]
246911953989320670057572087625739499573,23.159236907958984,[]
147290480154524649771973071182390373675,30.52961826324463,[]
73506744058419764446569115530449461635,39.862403869628906,[]
134929426624093279779272804529772573956,39.31029796600342,[]
100208395821659177690931616546254951978,33.04494380950928,[]
208278454450318461814443093179917767426,34.99593257904053,[]
211720477777304329233701341123460205276,23.38780403137207,[]
101739172408689979896122510807828720881,30.83961009979248,[]
277371355265725532436250398896103440452,39.857025146484375,[]
194384831665723458885125326516037348422,43.208956718444824,[]
314955801650782669906906056590762792087,37.134246826171875,[]
4587080500338807740916307444716252857,39.072489738464355,[]
165641751803800494132826779417804705731,23.185744285583496,[]
98872872357744329238705214588762307266,30.6610107421875,[]
219556569725765551829122121988597190439,39.76701736450195,[]
162191862385699515795902551109292457058,36.493449211120605,[]
187523216054939097872296106811819328828,35.76350212097168,[]
72552532374979918122839354923970672296,35.21651744842529,[]
34161594680566563207975434231637240016,23.13375949859619,[]
222119291420487454685753280999783689332,30.839624404907227,[]
120014738150709684331843009202332491289,39.907522201538086,[]
70187455584752825428408646074352336717,40.0391149520874,[]
308473788275850847851042777986108629611,39.131999015808105,[]
339729190521639801801375055676140841876,20.971956253051758,[]
338807701193712527416942895899011187239,23.245224952697754,[]
141787663184850855095607008925229354850,30.79833984375,[]
324452154602996514462366297356265431256,40.16502857208252,[]
61917713764909993645200857122499577415,37.43642807006836,[]
720549813552421958182327357067358306,19.638361930847168,[]
144953155075557019637585055387664748396,24.497437477111816,[]
121840628722190157561984018003713847347,23.26413631439209,[]
225545217979621312079465520808186913954,30.896458625793457,[]
112518539706651640095582941475512257629,41.141695976257324,[]
15891960687292571123414999625388826941,40.512657165527344,[]
227553689305836646893587307378598551650,36.938066482543945,[]
242519910189953828925471036406506594701,38.25450897216797,[]
294850789107993091284016600596694227666,23.297252655029297,[]
187728970503546996769221740817516783605,30.887975692749023,[]
295927642122955267198048787522035188184,40.20489692687988,[]
87652559993855332898516809516111928503,40.06988525390625,[]
8954167655733689759534917436631315439,37.1068811416626,[]
21711371975725503829585950849254583828,39.271788597106934,[]
211225976239307080922666297522336596286,23.117809295654297,[]
195336395003614782293949234692037278203,30.790343284606934,[]
318751956509357401986193377071144101713,39.845595359802246,[]
274001603782513241205019364322007377601,37.506394386291504,[]
128906699206135766101358045347686176328,19.496912956237793,[]
305521312303721540361764959850718338811,24.443607330322266,[]
322638525652445081089832160836041563934,24.073448181152344,[]
104630585660759735537234900184424309129,33.961143493652344,[]
108289753640448037380981497400465515801,41.542325019836426,[]
302110855609982069350926774057936625461,37.58286952972412,[]
5712968586198988312030294712196656976,34.62143898010254,[]
306578321778374759166544535878406313959,36.6432523727417,[]
34647339881416793817354334819266410405,25.171923637390137,[]
162906317114140234746326811912654223374,32.09963321685791,[]
189492220907259200906748899012176384322,39.412593841552734,[]
175146771545323981573464500741697597458,21.761226654052734,[]
338572310759987238181005549101798397603,35.234413146972656,[]
51499851840366234439693309528865096020,21.337223052978516,[]
299610128429867750521646829045385465329,24.117865562438965,[]
76230903220835524509680327922598306459,32.23521709442139,[]
285502804033548045718247416007858307013,44.68118190765381,[]
319432981015325074079600357225288234483,41.92425727844238,[]
255676395054414255094403454005786040327,36.84608459472656,[]
186818649321269880699680312599461928535,21.40864849090576,[]
62716256167660822487208754480651647582,23.906450271606445,[]
83569789847303446017096666196113333189,31.65656089782715,[]
132047869565891291348473332651247089212,41.74984931945801,[]
19316372800552060368417089458889625905,38.10464859008789,[]
325293622804587605295315579128630480727,20.142717361450195,[]
201011844652245300818009801903957578279,24.08360481262207,[]
148283940643392572393662766069205132672,24.101758003234863,[]
283384662742195295548065134194407523373,32.22750663757324,[]
74053011239129408260134532708464031509,41.29281520843506,[]
18377367386060191162949886030948652183,38.98208141326904,[]
249753100531447052736240853479472474082,21.3645601272583,[]
42173878009426720406617516470804154813,23.473620414733887,[]
147398487540130877515192032586683924834,24.068384170532227,[]
141988993368347301421508508329032322857,31.75997257232666,[]
266481794450797010085980860601680162145,38.84498119354248,[]
127343488181866123655583849962216355568,21.521830558776855,[]
309753576748711306116496240779982893755,24.456896781921387,[]
144713056708508697656136118888524728583,25.957016944885254,[]
239265369001725253507468903858869781254,24.175715446472168,[]
42761329445115312500640957363134205960,31.67987823486328,[]
178447557541429471242752480270102697432,41.28208637237549,[]
147045802085682714769124914387279334457,38.461689949035645,[]
248688939715646328432770062696552477859,20.869216918945312,[]
4130555175223308813588221239131478685,24.590063095092773,[]
139718478810783721430492588927577200543,23.0165433883667,[]
258686191845377399239476602481715874558,30.54060459136963,[]
261734444066436749720990677001674404301,39.793996810913086,[]
177851146617598260332032466197948371294,39.71370220184326,[]
219750644125695594946924133094149186549,36.448373794555664,[]
131456972528756423268988111271503711766,34.95394706726074,[]
282125951198674625896462712571649959529,23.168106079101562,[]
55326481187972059382914391600778417754,30.541963577270508,[]
193870303924567338234978405431574907199,39.58730220794678,[]
172374945160769988093995947741497973949,38.91387462615967,[]
31253763868673811156427196991960259203,32.95114517211914,[]
172512008053912628008091317777345447721,36.640520095825195,[]
57837853326317253726480822960873123468,23.121986389160156,[]
312304356453666869018610485837376972289,30.53112030029297,[]
24580560889202235917997418011835882412,38.29347610473633,[]
91425549819641365148712591741219879509,20.9822416305542,[]
202565709471493045308079660699365815336,23.102574348449707,[]
275197969977122979216159701385621898605,25.51936626434326,[]
255382926819869023481365042300759352585,22.96003818511963,[]
213658437895240792353475684642326731214,30.53576946258545,[]
159629365164871448225596874602329324039,39.91330146789551,[]
104423628291107838643730667821258916261,39.69473361968994,[]
88959147290186258209512745160918392395,35.65609931945801,[]
34000056395336956968256718252300013452,20.48656940460205,[]
319874692456032497082914658505443973655,24.965271949768066,[]
316458271894214952236600804452082328748,30.721206665039062,[]
146607629905693675825237845651709704825,40.03791332244873,[]
150991210706541480567808744937025720003,39.397430419921875,[]
283171943419298082365792790498668019396,19.42387104034424,[]
162829736674918480840619969326579617217,23.763198852539062,[]
63954997109747774106321530964606763857,23.00632953643799,[]
225046288158730992997940995722581122543,30.527257919311523,[]
34478167475929564037254034828909315887,39.841604232788086,[]
316234964421177247390548818350585905360,36.01358413696289,[]
305363073068835504046238014854434280100,32.97556400299072,[]
274495015270305854749913291629644301166,34.89815711975098,[]
22636125564207332672716091796018279964,23.012967109680176,[]
239057012866359500564733076412214816169,32.63222694396973,[]
23595046468811027721253579150722087144,37.345848083496094,[]
6612996784801447374676825867999226211,21.030664443969727,[]
89461813908334692550770740465408774455,23.9469051361084,[]
13624461829543707152174146130948700781,25.765843391418457,[]
10215563074241623254571303973091740609,23.162240982055664,[]
87608376223880163779732710955723278087,30.497217178344727,[]
249901892827277295952517339664216190022,39.93860721588135,[]
68309859852267693637240268557755095032,37.59326934814453,[]
276037268124960674608763560731265294828,19.475111961364746,[]
339311450729851783191506173315736730310,24.19102191925049,[]
250262680537351751610659372881693869102,23.008346557617188,[]
279751778641038540679055224709242365276,39.76731777191162,[]
183847672391146963726238334420861753790,33.85714530944824,[]
237074205777204178556067445389763397097,38.09892654418945,[]
115665320665109034802748016539656163261,20.564889907836914,[]
212742579589622628534748451209351623971,23.00924777984619,[]
259288210618076863705855583796127556393,24.085464477539062,[]
208603781767841575007676662735656529934,31.88642978668213,[]
145608564404948484465295460213338905462,41.50277137756348,[]
245088555227418126353876225187508655329,41.43296241760254,[]
333317828003424354107701238411497286685,38.223981857299805,[]
162915461916326346175940456271326304495,40.48539161682129,[]
150768166470425337282348743746293940625,23.16774845123291,[]
38351897758505000667994748390977239655,30.71861743927002,[]
160792057480273513741415447136129348597,39.91940975189209,[]
193830674153501008630937350306135849317,39.71714973449707,[]
15455184420023786679990263904143176770,19.822897911071777,[]
23035593195165420511866731902793609028,24.65137481689453,[]
270734160339224461370112929475989228406,23.09377670288086,[]
260373412855354261746026858497354693477,30.540976524353027,[]
327435248268689528974413467218409049314,39.87472057342529,[]
110867526902891778799093734107943383504,39.691429138183594,[]
190338851729594988021491612284389282652,36.8463134765625,[]
154098834245685128999190186262640589766,38.849287033081055,[]
219753637677454957866792036725148474100,23.2930326461792,[]
86432571222204452384308089925781015115,30.680365562438965,[]
87316622635287041408982033732714851244,39.950408935546875,[]
266127671334998984622676321343317471776,39.2530632019043,[]
103244701287991627015241016121416907558,20.97334384918213,[]
86044917725253768275465475836782881311,24.677553176879883,[]
97409844054110828756396078710196155149,24.745945930480957,[]
103252962609437354732776724891910607685,22.870187759399414,[]
299529037364887386018286810857068972876,21.38800621032715,[]
286330638181566244327965857613154323226,125.32115936279297,[]
284192791117178421565480253842887511479,79.91831302642822,[]
174482665407679471478997529245179158328,34.95615005493164,[]
36473203322476569890811606744990910230,61.614718437194824,[]
144544941238648051582060107647188186164,72.81540870666504,[]
189046106374905680596192934921002965048,112.495436668396,[]
170271060904931677154021386310414011303,70.0402021408081,[]
96548049576333072341422436797433091868,24.073762893676758,[]
31128613161548896193054027743666369215,43.30894947052002,[]
42780060260372405221791250287167160824,16.810712814331055,[]
252400114448850267515929912199039865329,24.508795738220215,[]
297589569316878519015595382486595569992,23.874521255493164,[]
294243388494420560097533743287124409234,38.78288269042969,[]
89240030348691307203359206958405614350,23.177032470703125,[]
91327131494466020057911245603467874529,30.544638633728027,[]
278983314930624603657055857423435385101,39.69376087188721,[]
331065121593744622319080559987428426050,39.899396896362305,[]
86155522318877660273309999204019280996,36.598992347717285,[]
266834647635081852131632469780258594397,20.567550659179688,[]
320392906944562388227717576409926651862,148.76925945281982,[]
21528875105646506220834057060764616546,171.00026607513428,[]
95065346991982607123102548876402686383,180.1895570755005,[]
299393716280022378027650598669203781025,221.38386726379395,[]
27215265066861207719404271032013370901,180.86092472076416,[]
39148223104841374427286113123553671184,277.72300243377686,[]
42668566323844644859314872396116821625,14.653458595275879,[]
210151333050378315221550900300727969374,26.914944648742676,[]
312883954270428171772762214570828544195,40.424323081970215,[]
25146877484112719313508685639210415271,39.95515823364258,[]
246774049274195775130909013065119979651,45.932350158691406,[]
296723694001682970929613408009126867177,40.95764636993408,[]
128089008817741147693016401777251527112,15.88766098022461,[]
67546694739658723643695722008992657588,18.664941787719727,[]
200690341959367604169857665385920024529,26.080985069274902,[]
241293871842331188498627615909687265691,24.60750102996826,[]
49883429451231303019740883121711315500,25.217671394348145,[]
110749538422040163913030684850589313079,30.5094051361084,[]
66020588353144430713340612060715411672,13.41240406036377,[]
106311723588453722010445723356242351918,18.330130577087402,[]
37865973590554092503115900401612834514,25.116019248962402,[]
99467017584152810272340961574082938230,33.195791244506836,[]
243773578937480866035503775993903015377,33.80378723144531,[]
70859371300079617819974787986138915873,37.79733180999756,[]
69730672301211135466489872413429132344,17.360501289367676,[]
250587158668028207781904598121143383599,23.956446647644043,[]
69294432614846532836749825900665295351,48.26851844787598,[]
43506981236812051905673690708058971590,26.04020118713379,[]
60743717188190511778360990773993203573,26.444664001464844,[]
102844780099130566637520906140590264715,34.111690521240234,[]
186722452316916280669760052267055162946,22.9539155960083,[]
290491710933621710593453165713302779290,23.05506706237793,[]
258500671931957987954822491711734780983,30.38741111755371,[]
5328673566431892601915956574996950800,34.414615631103516,[]
308669715134510929193258469740971803647,36.53225898742676,[]
224864439328949181747451482915912875932,26.97103500366211,[]
313509884153907908174818212152577488554,66.46039009094238,[]
264008866729799631982043982033879013284,54.1485071182251,[]
259665292785489284842838016688723547671,38.69278907775879,[]
55729836923509961904431734965223350570,44.38925743103027,[]
115925336374185158492026752029045655603,22.675108909606934,[]
3554514723618204533604166548222814518,14.807052612304688,[]
135693935685117035488194454296416062211,48.348326683044434,[]
97779382430715819953586893624232837149,37.54024028778076,[]
301574609091611736998370028997479393727,82.48289108276367,[]
320822127404906818789332079127333304524,36.675782203674316,[]
239448305511826632765193113842758485245,38.11697959899902,[]
30730838430159266417036462271507726235,15.158615112304688,[]
292041116657042068905036776193389280482,34.68857288360596,[]
131759598299177203656728426962824879686,23.896780014038086,[]
287410759539381161556822298166560361411,23.013181686401367,[]
152569527934084466069136519493807715172,18.48438262939453,[]
118258751122977120085293462162293323081,22.980337142944336,[]
166503859162692793967522968713501585361,14.881038665771484,[]
284957396476686221765608639716279188750,32.44089603424072,[]
278344207926736633805121068374511990889,17.2813081741333,[]
285161999276578560085796058176603292413,27.055435180664062,[]
42008318248950367440902664243001547221,25.736331939697266,[]
38430081612644713933277249087391466570,22.58551597595215,[]
215777811558567048029215726606335868935,25.098795890808105,[]
269164062609001403256257312579252132142,28.32791805267334,[]
186740090831573867079410469062696818426,20.635857582092285,[]
91185294841213356275618209524128036693,35.25645732879639,[]
140012970221096340794122534724098515526,35.79892158508301,[]
268209261325414344048068487321842289171,21.308927536010742,[]
142431118943713734643834087259652313870,26.38326644897461,[]
300615419692689381866968208343346541423,14.581432342529297,[]
292733119273015233385576254561114656247,25.06937026977539,[]
75976378340563957077429118536288058210,27.339935302734375,[]
54985452718735642333450571326293599763,17.532978057861328,[]
125749576261446884854305647329218820506,24.85525131225586,[]
104782411816659817730851871460372054666,23.906493186950684,[]
150236727135421789300994183062453139432,55.97196578979492,[]
206723672118407157224720222284202540105,26.722612380981445,[]
122664345601804937547110063719257126439,42.33182430267334,[]
111528205340277120899135880817003501431,53.56428623199463,[]
249868570498659177871777306586801380612,51.570868492126465,[]
317778542012062927053608455767915662930,200.16092777252197,[]
260452000320369136311497981350073828248,13.37212085723877,[]
182610802949921442456389291970467161708,45.43637752532959,[]
14183960438730801996402217975655452429,28.347930908203125,[]
32999045935024743830039783633664134336,49.83098030090332,[]
37935588499587410813271941313349232935,32.786264419555664,[]
16336311484830662701234634775248996207,36.618404388427734,[]
137203670968240565427954269370722338771,32.47255325317383,[]
280294010480130681882694189799291829052,30.710620880126953,[]
193225824210907721435383576644125591141,24.519925117492676,[]
160987144786968182149870055028201962784,34.60774898529053,[]
269379787178550052880282790057345655514,27.666420936584473,[]
47512256461638025912267150267280273133,28.848981857299805,[]
297267283310730257103422840600128730528,28.676819801330566,[]
117660238960323806299286429482578609707,46.208367347717285,[]
293594231464978449605457555881508822291,45.5983829498291,[]
91479937994499706198942356189135129552,41.97037696838379,[]
20891909980737626285673645709713204369,36.75976753234863,[]
299570567506581582507691827143274736036,48.0882453918457,[]
13840377713733410399309619108858527027,14.556684494018555,[]
324303174763681043155054892591220556104,29.077277183532715,[]
215854663298002532853125340366722613851,27.41462230682373,[]
216739643633401870349168713310947176968,21.09653949737549,[]
323900437015090971894097422532271694309,25.05427837371826,[]
218301345432362014688587349396043904311,42.6194429397583,[]
142504602107306521740488452556916590555,12.296719551086426,[]
204943202298873524482457246096681376464,16.757397651672363,[]
36445376409256253811343564218250557528,21.175832748413086,[]
193087436883221588468348220819544449311,30.901923179626465,[]
63697388872461711447132827885071557140,29.2291259765625,[]
40448610722780166464202608083925893064,34.84025001525879,[]
31605734866837598029973732354972400173,28.950133323669434,[]
306908465869653860017641730387635243706,31.451940536499023,[]
252751567311918166106038850227537931012,26.000776290893555,[]
196324522962418528699051068874279437103,34.25215244293213,[]
44834464676224277895883865778292367725,33.578009605407715,[]
28208216976942849155334296788963645105,22.333316802978516,[]
199915008152661728931864911327083148114,15.477547645568848,[]
147143507801728882258447988692200611043,18.706941604614258,[]
2448749415827770718565432119583913654,24.39770221710205,[]
298968690128857021405634885222817984266,24.388790130615234,[]
35647861913472961968062193626602928516,22.641520500183105,[]
63429459747135681698579833524567375117,22.123289108276367,[]
144430504290797141656752891346687289294,158.25632572174072,[]
15051328905505673745225026945072706574,13.366742134094238,[]
213666185555947167434494693447628797869,17.603888511657715,[]
144357931474263482401078291620148372558,23.70582103729248,[]
230783885282977873088318236965706455891,23.357248306274414,[]
219453686675629343873065408432867654293,22.92187213897705,[]
188371723293630006997988707041699418435,22.743558883666992,[]
162859447577781864483607678258449861077,23.63337993621826,[]
247289016687844695027803448284367696341,28.348731994628906,[]
233300087133936437947606017917363356013,27.04460620880127,[]
277674179247815545603918982489489285292,31.831769943237305,[]
119035469428193503270593006123226061151,26.135101318359375,[]
3082035893698871876831100717417143626,24.686737060546875,[]
194408326891074572889634667084692335173,23.004155158996582,[]
268428842994286353232929203782793585819,14.098763465881348,[]
162757734348138663768568554112465070261,23.582310676574707,[]
80718880558801713722112423694773452624,25.831804275512695,[]
140131474221375630924249672017781981829,18.645472526550293,[]
308139929093331278275723190192130829229,20.003843307495117,[]
108610828474013500117990399833802907478,23.867955207824707,[]
279239059334290040325502104599260127481,24.386730194091797,[]
270375237035882431661118861110950517117,22.6863956451416,[]
145996631576489484334697903732889729557,25.394325256347656,[]
235698079286566681430704248882396939661,18.801069259643555,[]
2887001198400520276011341897064833487,31.978654861450195,[]
240012508901663804344578437791881268100,21.93892478942871,[]
57239084141101056790860313972757947642,48.476314544677734,[]
25607347706344323500737110091799510408,37.438931465148926,[]
144406601200819069146992340112550815860,40.293288230895996,[]
11456142732346504612981309695443705844,23.661117553710938,[]
86622210060559091708851017263793589504,31.7742919921875,[]
56692596349585056991505642741881196093,22.246155738830566,[]
248863761224126406760389188367515812322,40.275092124938965,[]
9175329403632173597946313905490036739,37.06845760345459,[]
119304076082044132373762767594666122601,36.73839569091797,[]
143289985246289770914520295191904991429,23.162784576416016,[]
113916005957843446689184942155788372154,8.665337562561035,[]
65588628743320869640013027004673099566,13.479037284851074,[]
129783582117436506919310796826758232480,3.3310890197753906,[]
156311025192053167697103478102263236934,4.97014045715332,[]
73220598954356612465431607634487160395,161.120867729187,[]
151736953011037892851448057760239508365,94.34008598327637,[]
132449802955503577733094528816139141080,80.00566005706787,[]
235449943140288377109707538535901792620,74.55094814300537,[]
238638358211127475397786795285139507281,63.84913444519043,[]
103053292761755335790606895050886723582,49.48565483093262,[]
277194635889526804292779057980494789461,184.5503282546997,[]
120136820915255340319931156518829281063,32.00434684753418,[]
38706236808962691873098818417624591151,22.815184593200684,[]
86036591970913689003703372799193948778,36.7029333114624,[]
10940226583653318137051788202564219565,40.786399841308594,[]
223897403991463244894594866227714148313,40.32026767730713,[]
285383633294688781081688001552330896340,38.841190338134766,[]
322266503621633441380741302878694513760,0.08694648742675781,['No query; returned instructions']
325173252927817018260459574458351373268,33.88279438018799,[]
320982897037075214252214063056746523816,54.326491355895996,[]
221123743305807459879324935482297795857,50.37404537200928,[]
262826608614261043332951837778875185036,67.87128925323486,[]
133896607354494870024143377383474703728,62.632269859313965,[]
94675537122162517368982881944206760200,152.43505954742432,[]
167065483015486184397855586006565807930,17.59167194366455,[]
70527066427286918021119916911520570119,13.231587409973145,[]
142434588591637584944821090526962663771,22.41657257080078,[]
297414890264914238422547562477679630529,22.7841854095459,[]
61805141699278984393976466073086628090,21.750097274780273,[]
25501370146264178462604157938006059296,21.82704448699951,[]
260798921764096264263448889422476353777,13.098392486572266,[]
333293232489079294588234732903745448518,17.038722038269043,[]
284023089120161420525658795423976641365,24.277896881103516,[]
24554626775118257721165654573747533923,25.415868759155273,[]
280912544548548799391379453639966539351,21.44615650177002,[]
306344752247653222136543719477202473236,22.619590759277344,[]
10539314976431934484585286930205204105,13.666119575500488,[]
206564751220827986833800380512348265608,17.125296592712402,[]
150792576159345251237790741876524365899,36.0615348815918,[]
70941412403205255924191198975008364225,37.59414196014404,[]
119315183718457008655009110890801192561,20.70417881011963,[]
102860050628837524786902864933817265655,23.153986930847168,[]
109086570156557803403220405280933278257,14.824604988098145,[]
13645027502876482836427059242133011637,22.008118629455566,[]
270107549371562541762303629599245524135,17.049479484558105,[]
190601774096398004708138847759158273080,21.954474449157715,[]
21779711405395571660544221204309280482,23.058056831359863,[]
261596238393866455612464554596430505051,22.01209545135498,[]
171770957427967584303112902127948271012,5.860662460327148,[]
206621645088879094886721388828587315745,13.369388580322266,[]
211957176627283087403490893574095031421,17.02540397644043,[]
272012733117540345747851386762901394928,22.0383882522583,[]
18613215217015603152332172007747046150,22.3040771484375,[]
28911013054647963074801962172829624878,21.71377658843994,[]
76582036862561659976702251581534226210,20.729670524597168,[]
129168166334000942331347062667639115748,1.6909503936767578,[]
315294932308984581851700506713814996748,13.575539588928223,[]
708979958307092839139877318248051766,22.363300323486328,[]
147513713531646616473787206427987173720,17.013773918151855,[]
94064509731015039668799850722093598293,22.303762435913086,[]
249531095715770538613274339697076441310,20.5336332321167,[]
67247989923659242278795822403282640167,26.89955234527588,[]
189145765403451495219716408707690014996,13.278193473815918,[]
290326126045379200135124875568335985489,17.19005584716797,[]
334318803104901233839098846808604463333,22.18886375427246,[]
154508105566809438739695516402514568763,22.264423370361328,[]
82377877437248267451758887171661709144,20.570311546325684,[]
274975441242801131453593369580880811986,37.53749370574951,[]
215427555502127583771660181965606542543,22.055439949035645,[]
12558447753729680244337747972424512200,22.285094261169434,[]
92540881566410057020529928516267980975,38.68400573730469,[]
123815555573559380032873044248632793085,17.533235549926758,[]
40299803279392369112118486997590403899,13.086433410644531,[]
117614531354613299036542761554228390491,16.138858795166016,[]
23043785334957114194418035690029120255,37.37593173980713,[]
244520692968090978264004732984941707931,137.32502460479736,[]
126995220139739462203656320377452146187,125.70744037628174,[]
2282838669368870914952669056341514514,38.14699172973633,[]
13539097900211435834878777975056439406,19.690117835998535,[]
312865986913827366853037738218125795482,127.29668140411377,[]
94945909236362230831979073243769154232,40.47370433807373,[]
237721723102555700381483090979183645389,41.209731101989746,[]
7308572668751653869282556430548985459,43.51750373840332,[]
337157548597487925314132793995036253517,0.03966808319091797,['No query; returned instructions']
326171511937971289103477394068505381527,152.6424264907837,[]
44732174859509614535668596347381657876,164.4218873977661,[]
315754375751604738169580710624130899461,0.08046627044677734,['No query; returned instructions']
223998374023077262156914055878358707730,81.36224269866943,[]
207764084283754945405414396869222838263,52.80162334442139,[]
222241458746088921994049261070245490850,74.28507328033447,[]
309688723139134541733864496683279294040,61.220784187316895,[]
299027949137087031379350194431124776053,109.5181131362915,[]
100688397988226569830373495933650912739,94.04816150665283,[]
171687205525391951534581316661608160291,98.07774066925049,[]
108234931174049745505748908435074351834,212.1012783050537,[]
89370568111471768170348882260138222866,0.09970664978027344,['No query; returned instructions']
115732304272478677373181514269762203042,62.40048408508301,[]
142270708789234323840210210053878635004,34.52260494232178,[]
203645846108799408456416438301250995850,42.870612144470215,[]
5749380666327448017920380650505033198,53.504347801208496,[]
128682396277681804312233604258499813728,58.96536827087402,[]
192095457155729558221720033497140588099,75.61526298522949,[]
109296946291688519161248431907697484149,23.203282356262207,[]
219486909753338093942286666284303252572,30.180387496948242,[]
2251515550425064420313979670333764438,39.45676803588867,[]
97083534182229349137932215089020928805,37.40195274353027,[]
286885356542907911072242855470631554835,19.92018699645996,[]
37322533012827545753705450284618672448,37.8497314453125,[]
229343236603520812953862147668076083846,58.844661712646484,[]
12108290255007857561443052880431313380,35.1954460144043,[]
243966693121073733535913971988908574368,24.504733085632324,[]
110634613175096101157019562982606981303,41.58552646636963,[]
172650310444354160765725714780204341458,38.287553787231445,[]
29809057723503621623081350776587384763,42.11533069610596,[]
336142947382619382614823562878345846500,59.54938888549805,[]
328708763918682389480056039731532507420,35.368638038635254,[]
12472168604934410678159594529610875894,48.44863414764404,[]
139086441884408693501153699904816919252,62.495856285095215,[]
10497882669787038767091296560566745069,56.52312755584717,[]
174235903427408892090985483640622994496,56.41339302062988,[]
276802387967122610826516334297776414931,81.67157649993896,[]
22869793540749301212098696459788119836,42.951035499572754,[]
176867659007495633011499073476548328548,59.938316345214844,[]
141146907566988689986786226089967677750,0.023131370544433594,['No query; returned instructions']
129691900986251672136442569342367781683,35.47535419464111,[]
202250263591547129198985046609243124091,24.08133029937744,[]
151733947137459243541255226651018409443,41.40754222869873,[]
17202288750243240712892453846212323833,41.747331619262695,[]
205578911917106780376276829948121389339,59.22439098358154,[]
23568240980314945331838220257126640729,38.94793510437012,[]
146979311023798074206990923736932780114,61.12903118133545,[]
232919221611690163829018893764764429472,24.680299758911133,[]
185683345270695516318112218579189280830,31.940631866455078,[]
296273091748399280123730369043067230039,54.266366958618164,[]
37199848116231893241771612663962496886,50.78231334686279,[]
314535363515962756576229944841800859528,75.53579807281494,[]
28799127278178443811325296685401763606,22.94762134552002,[]
291096072154234832801136593858785419873,30.27883529663086,[]
84496478762323088404926418922366905443,40.161309242248535,[]
112654878637848222055684578935878210265,40.469040870666504,[]
263041231738400827054123266400996519363,32.78512001037598,[]
113307424544427256920440386324059617931,37.443222999572754,[]
239961541790914106675860828007208009677,25.381193161010742,[]
43504569423416405180497815442912867822,32.20715045928955,[]
165521339214832103529026790443904854745,27.889680862426758,[]
195978383222826095102120309260912301322,32.79612064361572,[]
289459539030906555780911034658384848764,37.60030746459961,[]
247447000839995837570897161148588632273,48.73466491699219,[]
168590974186486157132610879522746190429,25.61140537261963,[]
49427482851792819067899959913266161811,13.948259353637695,[]
262757851191661991033533903092278973330,21.062650680541992,[]
245138044735059785205781736281932004390,21.310629844665527,[]
104617728757696954721142198744274640570,21.512131690979004,[]
251292842318258318610351354173948636185,35.46079158782959,[]
230818228544319924662768474304250160784,21.53141498565674,[]
86046641623271169129141319757267410167,92.86512851715088,[]
309425122567657106312129997144217655809,33.30817222595215,[]
269845695849606216063527138126871797966,23.217945098876953,[]
316140987572881565521104708774633827791,26.480040550231934,[]
94136389840204913632693922145161599778,31.200671195983887,[]
202371904814926979917207628496666415146,28.130078315734863,[]
146050885225305654915608479844749883097,20.88362216949463,[]
239276465220177040519593928633763626182,25.56778907775879,[]
296025412609346831334580318332943940020,23.94598960876465,[]
29558069895143850568055106155491212545,20.683035850524902,[]
85166087868511450596711848627624954810,20.061063766479492,[]
197037245356860777682851734801484202036,25.620832443237305,[]
282278561160632532606189562386418171548,29.011259078979492,[]
196265539242743999048179676488606877439,24.216012954711914,[]
150356493823545988654878216048052282918,16.76722526550293,[]
166290003822869204329298028516237446366,20.839791297912598,[]
309758836038944841497998796985415697606,23.76877784729004,[]
282568832795204480018652096510124709254,25.126333236694336,[]
214657158936412434373604585201701951242,20.956692695617676,[]
183164207641900582274809265961715526104,35.2373743057251,[]
7180587421154636132015035234480039465,84.79811668395996,[]
230516758651272839153428077443316001054,68.37738990783691,[]
135850572180793747255135664671909438336,105.05876541137695,[]
291003458986536701091676193718216653931,102.38336563110352,[]
299706765812630255925143820276896078130,102.5372314453125,[]
214148095747695597194842918202748698260,137.06186771392822,[]
311061340721640029886595558725955644125,42.26616382598877,[]
248613948071916259752220508184323539274,81.6633939743042,[]
8495130079544484523105824709334961808,70.93989372253418,[]
52086960813389761520564595563432723763,112.68150329589844,[]
33175595362946243074852395854187416748,46.70442581176758,[]
78063620391633311982744399895227063475,301.44450187683105,[]
71989630365640176828073807822300228326,28.608169555664062,[]
87501055878385103385243818730005285337,30.535812377929688,[]
198363185563529529416388349274346647165,42.48305797576904,[]
85724249596369155465562792787265142467,19.388794898986816,[]
316794643954207065620214334870308085716,42.41048812866211,[]
60689750570770345856748110664493615952,48.73429298400879,[]
281499513149255551634598858442728004212,152.1311616897583,[]
139472347049615339986295957676566930462,17.391858100891113,[]
180003175675370564564375191888339725250,231.55978202819824,[]
192781600008215281969179103573832721966,40.50179958343506,[]
171037365079441528075570039949220899962,36.15453243255615,[]
312654172703705593640478560947321746051,45.324697494506836,[]
172451370716376177965297238159465852726,13.457837104797363,[]
333013561587731626695218631526684568617,5.997347831726074,[]
3311272964023540019847418635562134450,27.16160774230957,[]
242093550081879668621165863762288377542,29.98095989227295,[]
314369925353837939549171684694073711736,36.809635162353516,[]
322890245191286002214281931876680138024,39.68466281890869,[]
181402346475946884175324786186206635688,38.449201583862305,[]
114532236377823561815801894693625845514,36.940083503723145,[]
128579239429133742732516245781290408733,148.47493171691895,[]
35646365234474119917870466961325195315,25.75298309326172,[]
247591804671276782242239538086626523281,29.802188873291016,[]
287047187066662372102363589229911589494,38.69359016418457,[]
53542183940210612989564917690663580240,40.23548126220703,[]
251074829594228895971899736707420281589,36.07370853424072,[]
9517923083368383633264719894694673742,22.73144245147705,[]
82436545829942141776966644152045263466,38.34461688995361,[]
149273100678015111921320448002803625549,3.8410520553588867,[]
287772548118534851850033225115697156055,40.40522575378418,[]
330504868821404284143450561468246063379,2.745523452758789,[]
25472091423699250958262753215694062275,7.554645538330078,[]
137165848656554083525128910502916223026,2.1720314025878906,[]
90815264823642836149062028005486650573,38.57480049133301,[]
176303613996897577664642982829855894729,7.507166862487793,[]
195066464687319228538440288845550286585,2.1962785720825195,"['Error computing maxrank', 'Error computing minrank', 'Error computing medianrank']"
94438251508692660157786398470525303113,38.21571350097656,[]
185876524302717109706037803141871317092,1.6231584548950195,[]
103956976993146936491115627631008566440,4.0471601486206055,[]
133411328469382830156478792217081541489,176.81528091430664,[]
237959406433971318788677431798030104852,38.099613189697266,[]
5219153813864942592508385867333280022,2.126898765563965,[]
57436046445068956539819852485050457865,7.4005937576293945,[]
148047952974169390170858094991936970239,36.3561487197876,[]
34598468814047077960086728108456428089,125.85815906524658,[]
329865943055604720068147867801003923849,0.6437873840332031,"[""Couldn't find any data for ' there' in the en 2grams database""]"
2191118819764495870261322890151514634,2.2408533096313477,[]
305329435073069216973714120418273185838,38.00734519958496,[]
280033325255296342028157341266116619471,7.514290809631348,[]
323384694019915710567099002520420704983,38.82343769073486,[]
292434908681113592816143703504073097434,46.47139549255371,[]
280256867195780548229907438180809365800,0.5691289901733398,"[""Couldn't find any data for ' there' in the en 2grams database""]"
221443480519467151979755321571144058016,161.52234077453613,[]
79964014943026728097208452506308736954,183.13961505889893,[]
193459583091811846215275439381491450157,37.498555183410645,[]
8396591181353452374955248453320763097,1.1531925201416016,[]
58323000060713546399420068132124700278,4.024572372436523,[]
197792002955202013640229012275715156119,39.4771671295166,[]
18748662263542951943419938986724765705,4.12196159362793,[]
41058457352975096544797783088739965282,1.0908222198486328,[]
152523180674708275167994026073649382321,20.513734817504883,[]
139354526988608103213832179655538500190,179.82250213623047,[]
213046481292838472450905911366401925299,2.8507232666015625,[]
75948888490160191241120292684056234635,38.56276988983154,[]
222979240344206228443506950033167374313,37.00459957122803,[]
172329652192217016496983714485801676692,4.042010307312012,[]
63401143113727458433367763659211561902,20.485353469848633,[]
2424312883847607768915281681767657371,147.37981796264648,[]
37850959854982224394078219819940514689,37.933716773986816,[]
266339973896265490392847912476464021764,2.106142044067383,[]
52677994955228595175191479906602994635,90.52217960357666,[]
317824785531431659997214558041412463680,26.60372257232666,[]
304166466234222851066296522114439912538,30.00992774963379,[]
242075638333261281270422525462309726458,38.81568431854248,[]
309220831146582277627971459442625405724,38.776302337646484,[]
232273893978233596659002926591968463506,35.86970329284668,[]
272967879650935895526144763901960773362,37.91574954986572,[]
2739025473258497696067937144634600857,42.977843284606934,[]
254994241343513744330454256692272831794,29.625449180603027,[]
168937060037170500519353740113101329009,41.9990873336792,[]
206215104655750344263620583775962846291,38.670716285705566,[]
267237917850458923042915856356375162923,36.79821968078613,[]
258578402903604649857652203894957891031,22.90030002593994,[]
22509403000464650303894843833833809975,22.35992431640625,[]
228454922644636893551195938821675598985,33.301148414611816,[]
137104120198884596843406015476153514473,38.12939643859863,[]
161123663367499786953916501188190925194,18.832125663757324,[]
160115173437994165902577690341268183302,22.806029319763184,[]
179461245449672447615350034007286072930,25.80941677093506,[]
159660772708898341630910217300972563062,2.3420047760009766,[]
222485242465156770813365919985692777805,2.2202110290527344,[]
286163267514085637181874709066989362215,1.8342018127441406,[]
202150984155305821065824390900665232669,1.8186092376708984,[]
164970676002171466848440276518855214930,1.8312835693359375,[]
261475331211208563586489730278045768256,2.179141044616699,[]
128255405838544355111394220983855837735,1.8376350402832031,[]
2140382993235113771073170758014388763,1.806321144104004,[]
248013385583130711546234329353116751027,1.8274497985839844,[]
7309947650789052281842680591924602615,7.525491714477539,[]
321397194799601691333500337723809145377,1.8819236755371094,[]
226408650712313888218945125639563248842,1.8123579025268555,[]
288203621084565142783267552977765835319,1.8242740631103516,[]
299228115529610421038323804625613594166,7.470102310180664,[]
314464761950230029280121050331477429681,2.064070701599121,[]
116268766349919520225552010240618219127,1.848907470703125,[]
311872996611811170427317272683281730141,1.838536262512207,[]
193264031604160642608695773006822533048,7.4694013595581055,[]
49112159745400179933976768657338713158,2.0589208602905273,[]
168211846707580294428999451072833588759,1.817636489868164,[]
169618842983209753735859194342483487593,3.20127010345459,[]
167774535795144254158836224935906477800,1.8651437759399414,[]
173109194969471898668847779023349123799,7.853050231933594,[]
34201260415106318872658963451681574269,2.418951988220215,[]
94068079803301819421230284362745237753,1.8588638305664062,[]
238281115240100945825602685341244443579,1.8384218215942383,[]
157169503775490105528548907749197268379,2.0554733276367188,[]
89003760329622851640027253497963141007,2.4997615814208984,[]
125247706605782795653551885759992657926,26.194510459899902,[]
320542065857297527674493095792692330499,33.54851245880127,[]
326421149220427254809221175419355516519,37.62465476989746,[]
136374068199521180129501676750599842584,42.00399398803711,[]
167051739625621228729722589522309149507,42.79317855834961,[]
297231974241109001013363345722560505775,62.379112243652344,[]
273535177931570991013089495965389330208,178.31168174743652,[]
161935037533363680248020195968736342869,22.46699810028076,[]
220881597821893366099056652264360364272,29.96495246887207,[]
309232381407548299028081564039380283336,35.59537410736084,[]
189916037510450590327942595059993692877,40.01802921295166,[]
203548323969049284353734065690354113331,38.77492904663086,[]
140603072023455335921571279499599722001,34.69911575317383,[]
206022822209008660500635539240079825812,38.327250480651855,[]
209808312504956874573361258311497742365,27.64258861541748,[]
324886223989922514946950780983249587966,30.329246520996094,[]
24806721089909321513361457319008891892,39.5343017578125,[]
280366660412372834883989182293297581122,38.861775398254395,[]
258033705167863060902037821729803979527,33.76718044281006,[]
99596860117698807092775415672757706991,43.2755184173584,[]
175582009776577741772090293093159422807,22.82780170440674,[]
288146205252738041075766405469624452121,30.192532539367676,[]
273552949208481881715195785227435967245,39.16332721710205,[]
71295433002981169958982134962530324864,25.789246559143066,[]
39763795827135247065312485738893421867,20.930485725402832,[]
91285668264421062150758303958574852469,23.37062358856201,[]
83305650121848989432993097123211060760,3.7047243118286133,[]
152922962236028174386501024816609390460,1.3518905639648438,[]
95661187990519508642319681170643369154,4.289360046386719,[]
321188721772875707261127826461392113528,12.32208251953125,[]
76821407470233281068179621269620600187,18.862180709838867,[]
133092687331179043198724955801882542456,27.24092960357666,[]
105097626889737100983259747863765116688,27.61713981628418,[]
120818922927232552879670607877970277519,26.11314296722412,[]
37043700355773223664951244699591201237,26.905546188354492,[]
100764893153388524988340524843351435578,165.21725177764893,[]
273406692420208481758054819734193229069,254.08583164215088,[]
125673313709684058122636333883119234049,40.16249656677246,[]
312731218807733947695326131070243713367,39.785170555114746,[]
281528785621964096352446981109285128706,38.089470863342285,[]
240783741932754799283492281284392232973,181.476788520813,[]
335359882425439364851348909028359407564,39.311628341674805,[]
315612234323624342159253832377014386327,40.1312255859375,[]
162355673397676439069286109336191223022,39.68745231628418,[]
67769209439465244789540840392817709554,180.58931350708008,[]
182228782739720089167968342482961169678,26.748361587524414,[]
121198212478881608992406407671467620446,30.626978874206543,[]
301598664934953592140457697414616153459,27.281298637390137,[]
164813570276013438072390198377801823135,37.40182399749756,[]
313892912202821114947135050961384837022,20.586390495300293,[]
92211218580586044763420833634402705799,23.14054012298584,[]
248241038029127669379628380174385643745,3.4656715393066406,[]
44559122131874687245586093307483009345,2.216176986694336,[]
76724545962920265494150291008592963989,0.8740997314453125,"[""Couldn't find any data for 'i have symptoms' in the en 3grams database""]"
133524664076699199964492910536141947169,20.77752113342285,[]
85601587605734679059121862360886102864,2.624344825744629,[]
167187721613884814812733107367843444898,41.7582893371582,[]
192959741051281088864426071029168223518,2.1970653533935547,[]
250181218474451040627208092190605640639,5.535678863525391,[]
99671793701779837389963703007420501964,7.8153276443481445,[]
102882807840435980534627984535745778721,192.4165678024292,[]
205045976724286620185572589408001125850,3.323664665222168,[]
316354048915656558662943518218562577883,1.2710094451904297,[]
247194673628977364125583811262180712484,31.650924682617188,[]
299880809802918679469738989823570097243,26.867594718933105,[]
306654065367014572584611252783005192803,30.31963348388672,[]
85691742249552857610963918034767348953,21.316208839416504,[]
181704356482758957175001068468431646215,39.1860294342041,[]
61666101047483442382742568821286571529,24.968833923339844,[]
308598269950975188975345505080449658747,38.71695041656494,[]
294892242373616858283471794663863148693,12.556915283203125,[]
250250677537057342893746601932225884951,40.47762393951416,[]
306509000212625034519893588280799035985,30.07460117340088,[]
283741451708520453873531255481911900309,36.24419689178467,[]
85126640051261100438272360661756378416,20.655484199523926,[]
200231752669889161190376832765716001701,24.46728229522705,[]
38455436823789325580738091688708236295,3.6861705780029297,[]
192153194284494718699256137111231714937,24.19632911682129,[]
15284395116537823234673275005530199601,19.67874526977539,[]
94065553602433119188947419126329720207,21.16046905517578,[]
176958930641626412077886388042690738026,24.13234233856201,[]
62158420903438609632835577535401344826,23.344674110412598,[]
226186423003959284588882226932201333410,26.431903839111328,[]
324262954752934760119220889959372581813,1.5965938568115234,[]
17311910394752241223481517113370480393,26.03477954864502,[]
8820692529484938236626841814690029679,30.943007469177246,[]
303692347525358832720178477762000317458,40.12277126312256,[]
154339444336661171199369209777988457874,21.57608985900879,[]
161124257070546650276742588704574827960,35.766119956970215,[]
7172085771311467498892142556907556900,21.682047843933105,[]
269752379954578505218680211015921996703,27.197299003601074,[]
33969553780275463451539667753509514839,31.209182739257812,[]
257180015845858090903078428358071139198,38.44034671783447,[]
204799725065136506193790684020656750142,40.539822578430176,[]
213443521633983967490984330248558770676,36.67101860046387,[]
137727064165520395820521508707395232779,20.493593215942383,[]
34065162665083475106874528898174500374,2.76947021484375,[]
122750284827972931503970919416017301888,0.7273578643798828,"[""Couldn't find any data for '#invisibleenemy' in the en 1grams database""]"
305277168565796335127615223302716190216,26.459999084472656,[]
223465098484615925610213727957762773386,30.49262523651123,[]
130538328167475175431752986268393196730,38.25751304626465,[]
332798127282828212490644036130029801615,42.73153781890869,[]
169736332793044722041938778997245297356,20.683507919311523,[]
31467249180731582217362726613062113227,39.182395935058594,[]
115279310578070769017162655528133741739,4.144277572631836,[]
278084004211140945363837738484344254990,5.549354553222656,[]
336500579001112001629887242017387346470,2.174820899963379,[]
183791573717448868991626342706161256157,43.215179443359375,[]
237451529532621628139547113678927306550,29.667577743530273,[]
223810576347998139611179603866250916460,40.96597194671631,[]
105738040093794170098134220243972239081,30.818896293640137,[]
37919982496894499795109875723132009433,40.58835983276367,[]
223042669855775683324675507063891157662,34.69257831573486,[]
243891069328620505730378242789694028404,36.27694129943848,[]
208840591475910515580158473709797257016,2.0728254318237305,[]
130251421562455170405398492314770902894,1.9762372970581055,[]
295704944559071985229364751399622967152,4.18553352355957,[]
172891072657095503362028861720878228285,1.9839906692504883,[]
172447827506508130998817102164200605261,2.05686092376709,[]
182894365888282744591647852594438709708,5.4854536056518555,[]
295765561901608889788013211241405054671,1.9988536834716797,[]
238911040164599311334837080196899648056,2.0677614212036133,[]
74734346696200293996893780789974118483,8.358263969421387,[]
335292820725320751708043734734949271226,2.1683120727539062,[]
126989970687687388795513150874201645229,2.0702648162841797,[]
257227545488627010158169564121238685683,7.42002010345459,[]
20728934359595002977747256414550968690,2.121148109436035,[]
14771841226566406728987055187019562018,2.706756591796875,[]
242119583435700049872375708688762492450,2.094454765319824,[]
126470851114934484069176895223384957795,7.775158882141113,[]
1702820542219842377846387431810919651,2.1045827865600586,[]
320988980284062199035800205116652448371,1.9858074188232422,[]
228623020171666496498973668646680941305,2.0514822006225586,[]
55176897950481622299540524329426429600,7.542328834533691,[]
46346387939628676179316466321417094255,2.093997001647949,[]
275243513462522966199685704950578624958,1.994175910949707,[]
90361924188754583487240257780679322471,2.0624828338623047,[]
254687400045730399187961449990669649015,7.554574012756348,[]
4686759296222909589120912578770489495,2.082967758178711,[]
246472337508887684918536926515170196995,1.9860363006591797,[]
283109310123224901820398369087840248450,2.0708656311035156,[]
31668085534840804939288032697379070589,7.666969299316406,[]
108624955466502981559086153853026382579,2.156367301940918,[]
93493276355650274987968495195233744579,1.9658660888671875,[]
171736951852964814409669707235861827904,7.498726844787598,[]
19967018774851237987419479260263991746,2.0606231689453125,[]
141896458633646753895194083014296228633,2.077145576477051,[]
22745351567503200216894358082440616493,1.9897127151489258,[]
187222426356437702423529046351612127489,2.059621810913086,[]
252234056298969312627651533701982755010,7.405486106872559,[]
304991176391295479143727684278688618021,2.0884037017822266,[]
65895980577809964115812340219461593939,1.9339513778686523,[]
65791324477860042361547234361893288381,2.0447444915771484,[]
153086561247714743206473539328284645932,7.364873886108398,[]
336113976554159050386747019005345889779,2.108287811279297,[]
62913749375646893328221553209074310746,1.8824958801269531,[]
323245853417959935173430502465932858442,2.0510101318359375,[]
256767260896743438987472079784611438079,7.374415397644043,[]
188924382257462612273168478310241958484,2.086200714111328,[]
238795617450536578556458406743872862217,2.0055770874023438,[]
339206389582160304146240022661466775189,2.05843448638916,[]
174198735076899484584674365062591560240,7.41851806640625,[]
107588790421689314575446399784435352557,2.139859199523926,[]
20711201014624836692705366930487828391,1.9680118560791016,[]
43994878586147118588501093764037367468,2.0524978637695312,[]
88523308952448486814491280330927986800,7.993426322937012,[]
191044381038393383984789672922723941474,2.3041820526123047,[]
171943716394105511146540061289852670647,1.7877531051635742,[]
127818958346272070706556949918894522819,1.8595075607299805,[]
152227008646234501603847988177875892219,7.183341979980469,[]
60690573345122958479041895496422421608,2.085843086242676,[]
213976790577313724540727035446787604386,2.0351171493530273,[]
2605865316990938997037077324388793308,2.088046073913574,[]
199676482218399338853021615925873004017,7.62059211730957,[]
17058646910786582152207985161296512165,2.105541229248047,[]
264548184757958077713756808694368364547,26.48066997528076,[]
97896754146410827092269076419072290842,59.17247772216797,[]
97257480768681524574946788906164915282,27.010416984558105,[]
19650077275978585777738743699306789647,32.521376609802246,[]
286526244656777947712843225959485156469,36.513733863830566,[]
158138803043057926530841334569804929832,33.66299629211426,[]
254385857301210363653210461706452324470,35.90855598449707,[]
311945951309675469975874181807014226749,35.760812759399414,[]
50494561738804847879720829362892648082,30.252742767333984,[]
63561454781708610435621538220348558511,40.11833667755127,[]
185504483947470918667526556506964862012,31.441669464111328,[]
93866627422385049576515274583064719604,38.46086025238037,[]
265958176968874660723629296987235434686,20.531587600708008,[]
283719131335488507575170616924977693957,23.250088691711426,[]
266478303056588599283681332980048936259,134.88967895507812,[]
277672452890840614599092135142161810962,216.16483211517334,[]
